CNPJ;NOME;ENDEREÇO;COMPLEMENTO;BAIRRO;MUNICÍPIO;UF;PRODUTO;VALOR VENDA;DATA CADASTRO
00062780000102;AUTO POSTO PARATI;AVENIDA FILINTO MULLER,645;;CENTRO;TRES LAGOAS;MS;Gasolina;4,436;28/06/2018 17:49
00062780000102;AUTO POSTO PARATI;AVENIDA FILINTO MULLER,645;;CENTRO;TRES LAGOAS;MS;Etanol;3,482;28/06/2018 17:49
00062780000102;AUTO POSTO PARATI;AVENIDA FILINTO MULLER,645;;CENTRO;TRES LAGOAS;MS;Diesel S500;3,644;28/06/2018 17:49
00062780000102;AUTO POSTO PARATI;AVENIDA FILINTO MULLER,645;;CENTRO;TRES LAGOAS;MS;Diesel S10;3,734;28/06/2018 17:49
00300357000195;POSTO E TRANSPORTADORA PEGORARO;RODOVIA BR 163,S/N;KM 786;ZONA RURAL;COXIM;MS;Gasolina;4,59;05/07/2018 18:55
00300357000195;POSTO E TRANSPORTADORA PEGORARO;RODOVIA BR 163,S/N;KM 786;ZONA RURAL;COXIM;MS;Etanol;3,39;05/07/2018 18:55
00300357000195;POSTO E TRANSPORTADORA PEGORARO;RODOVIA BR 163,S/N;KM 786;ZONA RURAL;COXIM;MS;Diesel S500;3,669;05/07/2018 18:55
00300357000195;POSTO E TRANSPORTADORA PEGORARO;RODOVIA BR 163,S/N;KM 786;ZONA RURAL;COXIM;MS;Diesel S10;3,769;05/07/2018 18:55
00480284000160;POSTO CENTRAL;AVENIDA GUAXENDUBA,200;;CENTRO;SAO LUIS;MA;Gasolina;4,289;20/09/2018 14:48
00480284000160;POSTO CENTRAL;AVENIDA GUAXENDUBA,200;;CENTRO;SAO LUIS;MA;Diesel S10;362;20/09/2018 14:48
00593430000164;AUTO POSTO BRINATI; LINHA MC-06,6190;TERREO;INDUSTRIAL;MACHADINHO D'OESTE;RO;Gasolina;4,8;04/07/2018 17:51
00593430000164;AUTO POSTO BRINATI; LINHA MC-06,6190;TERREO;INDUSTRIAL;MACHADINHO D'OESTE;RO;Diesel S500;3,78;04/07/2018 17:51
00593430000245;AUTO POSTO BRINATI;LINHA SME 02,S/N;KM 72 - LOTE 01, QUADRA 01 - NÚCLEO SANTA MARIA;ZONA RURAL;MACHADINHO D'OESTE;RO;Gasolina;4,8;06/08/2018 18:01
00593430000245;AUTO POSTO BRINATI;LINHA SME 02,S/N;KM 72 - LOTE 01, QUADRA 01 - NÚCLEO SANTA MARIA;ZONA RURAL;MACHADINHO D'OESTE;RO;Diesel S500;3,81;06/08/2018 18:01
00860197000139;POSTO NOSSA SENHORA DA CONCEICAO;RUA EDUARDO SANTOS PEREIRA,601;;JARDIM BRASIL;CAMPO GRANDE;MS;Gasolina;3,998;23/07/2018 15:05
00860197000139;POSTO NOSSA SENHORA DA CONCEICAO;RUA EDUARDO SANTOS PEREIRA,601;;JARDIM BRASIL;CAMPO GRANDE;MS;Etanol;2,998;23/07/2018 15:05
00860197000139;POSTO NOSSA SENHORA DA CONCEICAO;RUA EDUARDO SANTOS PEREIRA,601;;JARDIM BRASIL;CAMPO GRANDE;MS;Diesel S500;3,399;23/07/2018 15:05
00860197000139;POSTO NOSSA SENHORA DA CONCEICAO;RUA EDUARDO SANTOS PEREIRA,601;;JARDIM BRASIL;CAMPO GRANDE;MS;Diesel S10;3,499;23/07/2018 15:05
00976256000139;CEU 070 COMBUSTIVEIS LTDA; LOTE 499 GLEBA 04 PROJ INTEG,S/N;ALEXANDRE GUSMAO;CEILANDIA;BRASILIA;DF;Gasolina;4,197;16/08/2018 14:49
00976256000139;CEU 070 COMBUSTIVEIS LTDA; LOTE 499 GLEBA 04 PROJ INTEG,S/N;ALEXANDRE GUSMAO;CEILANDIA;BRASILIA;DF;Diesel S500;3,439;05/07/2018 14:51
00976256000139;CEU 070 COMBUSTIVEIS LTDA; LOTE 499 GLEBA 04 PROJ INTEG,S/N;ALEXANDRE GUSMAO;CEILANDIA;BRASILIA;DF;Diesel S10;3,539;05/07/2018 14:51
00976256000139;CEU 070 COMBUSTIVEIS LTDA; LOTE 499 GLEBA 04 PROJ INTEG,S/N;ALEXANDRE GUSMAO;CEILANDIA;BRASILIA;DF;Etanol;2,997;14/08/2018 16:25
01109449000155;RODOCAMP AUTO SERVICE LTDA;AVENIDA MERCEDES BENZ,01;GLEBA 1                   QT 8907;DISTRITO INDUSTRIAL;CAMPINAS;SP;Gasolina;4,499;11/09/2018 11:16
01109449000155;RODOCAMP AUTO SERVICE LTDA;AVENIDA MERCEDES BENZ,01;GLEBA 1                   QT 8907;DISTRITO INDUSTRIAL;CAMPINAS;SP;Etanol;2,799;11/09/2018 11:16
01109449000155;RODOCAMP AUTO SERVICE LTDA;AVENIDA MERCEDES BENZ,01;GLEBA 1                   QT 8907;DISTRITO INDUSTRIAL;CAMPINAS;SP;GNV;2,299;20/06/2018 11:57
01109449000155;RODOCAMP AUTO SERVICE LTDA;AVENIDA MERCEDES BENZ,01;GLEBA 1                   QT 8907;DISTRITO INDUSTRIAL;CAMPINAS;SP;Diesel S500;3,699;11/09/2018 11:16
01109449000155;RODOCAMP AUTO SERVICE LTDA;AVENIDA MERCEDES BENZ,01;GLEBA 1                   QT 8907;DISTRITO INDUSTRIAL;CAMPINAS;SP;Diesel S10;3,799;11/09/2018 11:16
01138114000165;POSTO JK;RODOVIA BR 040 KM 102,S N;;;CRISTALINA;GO;Gasolina;4,99;22/09/2018 11:46
01138114000165;POSTO JK;RODOVIA BR 040 KM 102,S N;;;CRISTALINA;GO;Etanol;2,98;22/09/2018 11:46
01138114000165;POSTO JK;RODOVIA BR 040 KM 102,S N;;;CRISTALINA;GO;Diesel S500;3,71;19/09/2018 10:06
01138114000165;POSTO JK;RODOVIA BR 040 KM 102,S N;;;CRISTALINA;GO;Diesel S10;3,76;19/09/2018 10:03
01182484000108;POSTO CHAPARRAL;AVENIDA LINO SAMPAIO,83;;SAMPAIO;PIRES DO RIO;GO;Gasolina;4,72;10/08/2018 17:08
01182484000108;POSTO CHAPARRAL;AVENIDA LINO SAMPAIO,83;;SAMPAIO;PIRES DO RIO;GO;Etanol;2,99;10/08/2018 17:08
01182484000108;POSTO CHAPARRAL;AVENIDA LINO SAMPAIO,83;;SAMPAIO;PIRES DO RIO;GO;Diesel S500;3,49;10/08/2018 17:08
01182484000108;POSTO CHAPARRAL;AVENIDA LINO SAMPAIO,83;;SAMPAIO;PIRES DO RIO;GO;Diesel S10;3,59;10/08/2018 17:08
01416988000137;POSTO 10;RODOVIA BR 343 KM 10,S/N;;RODOVIA;TERESINA;PI;Gasolina;4,649;17/09/2018 08:59
01416988000137;POSTO 10;RODOVIA BR 343 KM 10,S/N;;RODOVIA;TERESINA;PI;Diesel S500;3,559;17/09/2018 08:59
01416988000137;POSTO 10;RODOVIA BR 343 KM 10,S/N;;RODOVIA;TERESINA;PI;Diesel S10;3,659;17/09/2018 08:59
01443559000159;ROGER SOUZA DA SILVA - EPP;ESTRADA BR 293 KM 108,SN;;ZONA URBANA;PINHEIRO MACHADO;RS;Gasolina;4,89;14/08/2018 20:10
01443559000159;ROGER SOUZA DA SILVA - EPP;ESTRADA BR 293 KM 108,SN;;ZONA URBANA;PINHEIRO MACHADO;RS;Diesel S500;3,23;14/08/2018 20:10
01443559000159;ROGER SOUZA DA SILVA - EPP;ESTRADA BR 293 KM 108,SN;;ZONA URBANA;PINHEIRO MACHADO;RS;Diesel S10;3,45;14/08/2018 20:10
01574763000109;AUTO POSTO MUTUM LTDA;RODOVIA BR 262,S/N;KM 175;ZONA RURAL;RIBAS DO RIO PARDO;MS;Gasolina;4,646;11/07/2018 10:01
01574763000109;AUTO POSTO MUTUM LTDA;RODOVIA BR 262,S/N;KM 175;ZONA RURAL;RIBAS DO RIO PARDO;MS;Etanol;3,456;11/07/2018 10:01
01574763000109;AUTO POSTO MUTUM LTDA;RODOVIA BR 262,S/N;KM 175;ZONA RURAL;RIBAS DO RIO PARDO;MS;Diesel S500;3,346;11/07/2018 10:01
01574763000109;AUTO POSTO MUTUM LTDA;RODOVIA BR 262,S/N;KM 175;ZONA RURAL;RIBAS DO RIO PARDO;MS;Diesel S10;3,406;11/07/2018 10:01
01935272000146;POSTOS MOURA;RODOVIA BR 232,204;KM    182;SANTO ANTONIO;BELO JARDIM;PE;Gasolina;4,439;04/07/2018 15:28
01935272000146;POSTOS MOURA;RODOVIA BR 232,204;KM    182;SANTO ANTONIO;BELO JARDIM;PE;Etanol;3,499;04/07/2018 15:28
01935272000146;POSTOS MOURA;RODOVIA BR 232,204;KM    182;SANTO ANTONIO;BELO JARDIM;PE;Diesel S500;3,369;04/07/2018 15:28
01935272000146;POSTOS MOURA;RODOVIA BR 232,204;KM    182;SANTO ANTONIO;BELO JARDIM;PE;Diesel S10;3,389;04/07/2018 15:28
02078330000125;SAO MARTINHO AUTO SERVICE LTDA;AVENIDA SAO JOSE DOS CAMPOS,2500;;JD NOVA EUROPA;CAMPINAS;SP;Gasolina;4,499;11/09/2018 11:21
02078330000125;SAO MARTINHO AUTO SERVICE LTDA;AVENIDA SAO JOSE DOS CAMPOS,2500;;JD NOVA EUROPA;CAMPINAS;SP;Etanol;2,799;11/09/2018 11:21
02078330000125;SAO MARTINHO AUTO SERVICE LTDA;AVENIDA SAO JOSE DOS CAMPOS,2500;;JD NOVA EUROPA;CAMPINAS;SP;Diesel S500;3,699;11/09/2018 11:21
02078330000125;SAO MARTINHO AUTO SERVICE LTDA;AVENIDA SAO JOSE DOS CAMPOS,2500;;JD NOVA EUROPA;CAMPINAS;SP;Diesel S10;3,799;11/09/2018 11:21
02315421000137;POSTO 1350 LTDA;RUA HEITOR LIBERATO,2430;;SAO JOAO;ITAJAI;SC;Gasolina;3,799;14/08/2018 12:18
02315421000137;POSTO 1350 LTDA;RUA HEITOR LIBERATO,2430;;SAO JOAO;ITAJAI;SC;Etanol;3,299;14/08/2018 12:18
02315421000137;POSTO 1350 LTDA;RUA HEITOR LIBERATO,2430;;SAO JOAO;ITAJAI;SC;Diesel S10;3,299;14/08/2018 12:18
02433811000101;POSTO NAVES;RODOVIA BR 153,S/N;KM 722;CENTRO;FIGUEIROPOLIS;TO;Gasolina;4,899;11/07/2018 12:43
02433811000101;POSTO NAVES;RODOVIA BR 153,S/N;KM 722;CENTRO;FIGUEIROPOLIS;TO;Etanol;3,899;11/07/2018 12:43
02433811000101;POSTO NAVES;RODOVIA BR 153,S/N;KM 722;CENTRO;FIGUEIROPOLIS;TO;Diesel S500;3,639;11/07/2018 12:43
02433811000101;POSTO NAVES;RODOVIA BR 153,S/N;KM 722;CENTRO;FIGUEIROPOLIS;TO;Diesel S10;3,739;11/07/2018 12:43
02513158000190;POSTO CENTRAL HS;AVENIDA ADELINO AMÉRICO DE AZEVEDO,161/163;;CENTRO;PORANGATU;GO;Gasolina;4,91;03/09/2018 10:23
02513158000190;POSTO CENTRAL HS;AVENIDA ADELINO AMÉRICO DE AZEVEDO,161/163;;CENTRO;PORANGATU;GO;Etanol;3,11;03/09/2018 10:23
02513158000190;POSTO CENTRAL HS;AVENIDA ADELINO AMÉRICO DE AZEVEDO,161/163;;CENTRO;PORANGATU;GO;Diesel S500;3,99;03/09/2018 10:24
02513158000190;POSTO CENTRAL HS;AVENIDA ADELINO AMÉRICO DE AZEVEDO,161/163;;CENTRO;PORANGATU;GO;Diesel S10;4,07;03/09/2018 10:24
02562482000107;POSTO ITAMARATY LEME;AVENIDA VISCONDE DE NOVA GRANADA,1500;;VILA GROSSKLAUSS;LEME;SP;Gasolina;4,279;14/07/2018 14:47
02562482000107;POSTO ITAMARATY LEME;AVENIDA VISCONDE DE NOVA GRANADA,1500;;VILA GROSSKLAUSS;LEME;SP;Etanol;2,459;14/07/2018 14:47
02930356000150;AUTO POSTO TOCANTINS;AVENIDA BERNARDO SAYAO,3160;;CENTRO;GUARAI;TO;Gasolina;4,799;13/07/2018 12:02
02930356000150;AUTO POSTO TOCANTINS;AVENIDA BERNARDO SAYAO,3160;;CENTRO;GUARAI;TO;Diesel S500;3,449;13/07/2018 12:02
02930356000150;AUTO POSTO TOCANTINS;AVENIDA BERNARDO SAYAO,3160;;CENTRO;GUARAI;TO;Diesel S10;3,499;13/07/2018 12:02
03006726000120;POSTO PILOTO;AVENIDA AFONSO PENA,800;;AMAMBAI;CAMPO GRANDE;MS;Gasolina;4,097;29/06/2018 10:10
03006726000120;POSTO PILOTO;AVENIDA AFONSO PENA,800;;AMAMBAI;CAMPO GRANDE;MS;Etanol;3,297;29/06/2018 10:10
03006726000120;POSTO PILOTO;AVENIDA AFONSO PENA,800;;AMAMBAI;CAMPO GRANDE;MS;Diesel S10;3,587;29/06/2018 10:10
03096030000131;POSTO ALTO ALEGRE;AVENIDA TANCREDO NEVES,S/N;;CENTRO;ALTO ALEGRE DOS PARECIS;RO;Gasolina;4,85;11/07/2018 09:33
03096030000131;POSTO ALTO ALEGRE;AVENIDA TANCREDO NEVES,S/N;;CENTRO;ALTO ALEGRE DOS PARECIS;RO;Diesel S500;3,75;11/07/2018 09:33
03096030000131;POSTO ALTO ALEGRE;AVENIDA TANCREDO NEVES,S/N;;CENTRO;ALTO ALEGRE DOS PARECIS;RO;Diesel S10;3,8;11/07/2018 09:33
03121901000120;POSTO SAVANA;RODOVIA BR-163,17846;;CHACARA DAS MANSOES;CAMPO GRANDE;MS;Gasolina;4,199;05/07/2018 10:38
03121901000120;POSTO SAVANA;RODOVIA BR-163,17846;;CHACARA DAS MANSOES;CAMPO GRANDE;MS;Etanol;2,999;06/07/2018 08:42
03121901000120;POSTO SAVANA;RODOVIA BR-163,17846;;CHACARA DAS MANSOES;CAMPO GRANDE;MS;Diesel S500;3,39;05/07/2018 10:38
03121901000120;POSTO SAVANA;RODOVIA BR-163,17846;;CHACARA DAS MANSOES;CAMPO GRANDE;MS;Diesel S10;3,49;05/07/2018 10:38
03572731000108;GLOBO COMBUSTIVEIS;RUA SENADOR SOUZA NAVES,720;;CENTRO;SERTANOPOLIS;PR;Gasolina;4,649;12/07/2018 09:21
03572731000108;GLOBO COMBUSTIVEIS;RUA SENADOR SOUZA NAVES,720;;CENTRO;SERTANOPOLIS;PR;Etanol;2,99;12/07/2018 09:21
03572731000108;GLOBO COMBUSTIVEIS;RUA SENADOR SOUZA NAVES,720;;CENTRO;SERTANOPOLIS;PR;Diesel S500;3,33;12/07/2018 09:21
03572731000108;GLOBO COMBUSTIVEIS;RUA SENADOR SOUZA NAVES,720;;CENTRO;SERTANOPOLIS;PR;Diesel S10;3,42;12/07/2018 09:21
03572866000165;AUTO POSTO POROROCA XV;AVENIDA BANDEIRANTES,2390;;VILA BANDEIRANTES;CAMPO GRANDE;MS;Gasolina;4,099;17/07/2018 14:29
03572866000165;AUTO POSTO POROROCA XV;AVENIDA BANDEIRANTES,2390;;VILA BANDEIRANTES;CAMPO GRANDE;MS;Etanol;2,999;17/07/2018 14:29
03572866000165;AUTO POSTO POROROCA XV;AVENIDA BANDEIRANTES,2390;;VILA BANDEIRANTES;CAMPO GRANDE;MS;Diesel S500;3,389;17/07/2018 14:29
03572866000165;AUTO POSTO POROROCA XV;AVENIDA BANDEIRANTES,2390;;VILA BANDEIRANTES;CAMPO GRANDE;MS;Diesel S10;3,459;17/07/2018 14:29
03754107000113;AUTO POSTO IRMAOS LEITE;AVENIDA JK,3525;BR 364 KM 426;SETOR INDUSTRIAL;JARU;RO;Diesel S500;4,05;13/09/2018 19:32
03754107000113;AUTO POSTO IRMAOS LEITE;AVENIDA JK,3525;BR 364 KM 426;SETOR INDUSTRIAL;JARU;RO;Diesel S10;4,15;13/09/2018 19:32
03754107000113;AUTO POSTO IRMAOS LEITE;AVENIDA JK,3525;BR 364 KM 426;SETOR INDUSTRIAL;JARU;RO;Gasolina;4,88;13/09/2018 19:32
03754107000113;AUTO POSTO IRMAOS LEITE;AVENIDA JK,3525;BR 364 KM 426;SETOR INDUSTRIAL;JARU;RO;Etanol;4,04;13/09/2018 19:32
03763006000109;AUTO POSTO PUMA;AVENIDA JOAO BATISTA FIGUEIREDO,2636;;CENTRO;SAO MIGUEL DO GUAPORE;RO;Gasolina;4,85;29/06/2018 16:28
03763006000109;AUTO POSTO PUMA;AVENIDA JOAO BATISTA FIGUEIREDO,2636;;CENTRO;SAO MIGUEL DO GUAPORE;RO;Etanol;4,29;29/06/2018 16:28
03763006000109;AUTO POSTO PUMA;AVENIDA JOAO BATISTA FIGUEIREDO,2636;;CENTRO;SAO MIGUEL DO GUAPORE;RO;Diesel S500;3,79;29/06/2018 16:28
03763006000109;AUTO POSTO PUMA;AVENIDA JOAO BATISTA FIGUEIREDO,2636;;CENTRO;SAO MIGUEL DO GUAPORE;RO;Diesel S10;3,84;29/06/2018 16:28
03807435000130;AUTO POSTO PEROBINHA;AVENIDA ANTONIO JOAQUIM DE MOURA ANDRADE,1100;;CENTRO;NOVA ANDRADINA;MS;Gasolina;4,759;13/09/2018 08:50
03807435000130;AUTO POSTO PEROBINHA;AVENIDA ANTONIO JOAQUIM DE MOURA ANDRADE,1100;;CENTRO;NOVA ANDRADINA;MS;Etanol;3,399;13/09/2018 08:50
03807435000130;AUTO POSTO PEROBINHA;AVENIDA ANTONIO JOAQUIM DE MOURA ANDRADE,1100;;CENTRO;NOVA ANDRADINA;MS;Diesel S500;3,759;05/09/2018 09:55
03807435000130;AUTO POSTO PEROBINHA;AVENIDA ANTONIO JOAQUIM DE MOURA ANDRADE,1100;;CENTRO;NOVA ANDRADINA;MS;Diesel S10;3,849;05/09/2018 09:55
03822836000160;POSTO EUROGAZ;AVENIDA GOVERNADOR LEONEL DE MOURA BRIZOLA,933B;;CENTRO;DUQUE DE CAXIAS;RJ;Gasolina;4,99;12/07/2018 15:51
03822836000160;POSTO EUROGAZ;AVENIDA GOVERNADOR LEONEL DE MOURA BRIZOLA,933B;;CENTRO;DUQUE DE CAXIAS;RJ;Etanol;3,49;12/07/2018 15:51
03822836000160;POSTO EUROGAZ;AVENIDA GOVERNADOR LEONEL DE MOURA BRIZOLA,933B;;CENTRO;DUQUE DE CAXIAS;RJ;GNV;2,799;12/07/2018 15:51
03822836000160;POSTO EUROGAZ;AVENIDA GOVERNADOR LEONEL DE MOURA BRIZOLA,933B;;CENTRO;DUQUE DE CAXIAS;RJ;Diesel S10;3,53;12/07/2018 15:51
03922066000127;POSTO F1 RACING LTDA;AVENIDA 22 DE MAIO,2952;LOTE 05, QUADRA 05;LOTEAMENTO SANTO EXPEDITO / 1º DISTRITO;ITABORAI;RJ;Gasolina;5,199;17/09/2018 07:41
03922066000127;POSTO F1 RACING LTDA;AVENIDA 22 DE MAIO,2952;LOTE 05, QUADRA 05;LOTEAMENTO SANTO EXPEDITO / 1º DISTRITO;ITABORAI;RJ;Etanol;3,399;17/09/2018 07:41
03922066000127;POSTO F1 RACING LTDA;AVENIDA 22 DE MAIO,2952;LOTE 05, QUADRA 05;LOTEAMENTO SANTO EXPEDITO / 1º DISTRITO;ITABORAI;RJ;GNV;2,899;17/09/2018 07:41
03922066000127;POSTO F1 RACING LTDA;AVENIDA 22 DE MAIO,2952;LOTE 05, QUADRA 05;LOTEAMENTO SANTO EXPEDITO / 1º DISTRITO;ITABORAI;RJ;Diesel S500;3,759;17/09/2018 07:41
03922066000127;POSTO F1 RACING LTDA;AVENIDA 22 DE MAIO,2952;LOTE 05, QUADRA 05;LOTEAMENTO SANTO EXPEDITO / 1º DISTRITO;ITABORAI;RJ;Diesel S10;3,799;17/09/2018 07:41
03927792000132;POSTO CARRETAO;AVENIDA SAO LUIZ,100;;JD SAO LUIZ;CACERES;MT;Gasolina;4,73;19/09/2018 18:26
03927792000132;POSTO CARRETAO;AVENIDA SAO LUIZ,100;;JD SAO LUIZ;CACERES;MT;Etanol;2,95;19/09/2018 18:26
03927792000132;POSTO CARRETAO;AVENIDA SAO LUIZ,100;;JD SAO LUIZ;CACERES;MT;Diesel S500;3,92;19/09/2018 18:26
03927792000132;POSTO CARRETAO;AVENIDA SAO LUIZ,100;;JD SAO LUIZ;CACERES;MT;Diesel S10;3,99;19/09/2018 18:26
04253381000171;POSTO MAGUARI LTDA;RODOVIA AUGUSTO MONTENEGRO,SN;KM    09                  CONJ  MAGUARI;COQUEIRO;BELEM;PA;Gasolina;4,599;29/08/2018 12:12
04253381000171;POSTO MAGUARI LTDA;RODOVIA AUGUSTO MONTENEGRO,SN;KM    09                  CONJ  MAGUARI;COQUEIRO;BELEM;PA;Etanol;3,499;29/08/2018 12:12
04253381000171;POSTO MAGUARI LTDA;RODOVIA AUGUSTO MONTENEGRO,SN;KM    09                  CONJ  MAGUARI;COQUEIRO;BELEM;PA;Diesel S10;3,599;29/08/2018 12:12
04687124000148;AUTO POSTO BURITIS;AVENIDA AIRTON SENA,1284;;SETOR 02;BURITIS;RO;Gasolina;4,81;21/08/2018 12:39
04687124000148;AUTO POSTO BURITIS;AVENIDA AIRTON SENA,1284;;SETOR 02;BURITIS;RO;Etanol;4,51;21/08/2018 12:39
04687124000148;AUTO POSTO BURITIS;AVENIDA AIRTON SENA,1284;;SETOR 02;BURITIS;RO;Diesel S500;3,86;04/09/2018 11:47
04687124000148;AUTO POSTO BURITIS;AVENIDA AIRTON SENA,1284;;SETOR 02;BURITIS;RO;Diesel S10;3,96;04/09/2018 11:47
04687124000229;AUTO POSTO MODELO;AVENIDA PORTO VELHO,810;;SETOR 1;BURITIS;RO;Gasolina;4,95;04/09/2018 11:53
04687124000229;AUTO POSTO MODELO;AVENIDA PORTO VELHO,810;;SETOR 1;BURITIS;RO;Etanol;4,15;21/08/2018 16:44
04687124000229;AUTO POSTO MODELO;AVENIDA PORTO VELHO,810;;SETOR 1;BURITIS;RO;Diesel S500;3,86;04/09/2018 11:53
04687124000229;AUTO POSTO MODELO;AVENIDA PORTO VELHO,810;;SETOR 1;BURITIS;RO;Diesel S10;3,96;04/09/2018 11:53
04785105000154;VALENCA AUTO SERVICE LTDA.;RUA MARIA LUCIA DE CASTRO,25;;PQ. VALENCA;CAMPINAS;SP;Gasolina;4,499;11/09/2018 11:19
04785105000154;VALENCA AUTO SERVICE LTDA.;RUA MARIA LUCIA DE CASTRO,25;;PQ. VALENCA;CAMPINAS;SP;Etanol;2,699;11/09/2018 11:19
04785105000154;VALENCA AUTO SERVICE LTDA.;RUA MARIA LUCIA DE CASTRO,25;;PQ. VALENCA;CAMPINAS;SP;Diesel S500;3,699;11/09/2018 11:19
04785105000154;VALENCA AUTO SERVICE LTDA.;RUA MARIA LUCIA DE CASTRO,25;;PQ. VALENCA;CAMPINAS;SP;Diesel S10;3,799;11/09/2018 11:19
04816108000108;POSTO PALACIO GUANABARA LTDA;RUA PINHEIRO MACHADO,83;83/FUNDOS;LARANJEIRAS;RIO DE JANEIRO;RJ;Gasolina;5,299;06/09/2018 06:57
04816108000108;POSTO PALACIO GUANABARA LTDA;RUA PINHEIRO MACHADO,83;83/FUNDOS;LARANJEIRAS;RIO DE JANEIRO;RJ;Etanol;3,599;06/09/2018 06:57
04816108000108;POSTO PALACIO GUANABARA LTDA;RUA PINHEIRO MACHADO,83;83/FUNDOS;LARANJEIRAS;RIO DE JANEIRO;RJ;Diesel S10;3,639;06/09/2018 06:57
04825319000107;POSTO AUTOCAR;RUA EMILIA DOS SANTOS,47;ESQ RUA INDAIAL;SAO JOAO;ITAJAI;SC;Gasolina;3,779;14/08/2018 12:52
04825319000107;POSTO AUTOCAR;RUA EMILIA DOS SANTOS,47;ESQ RUA INDAIAL;SAO JOAO;ITAJAI;SC;Etanol;3,099;14/08/2018 12:52
04825319000107;POSTO AUTOCAR;RUA EMILIA DOS SANTOS,47;ESQ RUA INDAIAL;SAO JOAO;ITAJAI;SC;Diesel S10;3,398;14/08/2018 12:52
04982983000160;POSTO 10;AVENIDA PORTO CARREIRO,1566;;AEROPORTO;CORUMBA;MS;Gasolina;4,64;16/07/2018 11:51
04982983000160;POSTO 10;AVENIDA PORTO CARREIRO,1566;;AEROPORTO;CORUMBA;MS;Etanol;3,49;16/07/2018 11:51
04982983000160;POSTO 10;AVENIDA PORTO CARREIRO,1566;;AEROPORTO;CORUMBA;MS;Diesel S500;3,69;16/07/2018 11:51
04982983000160;POSTO 10;AVENIDA PORTO CARREIRO,1566;;AEROPORTO;CORUMBA;MS;Diesel S10;3,73;16/07/2018 11:51
05357865000123;BAIRRO NOVO AUTO POSTO LTDA;RODOVIA BR-364,S/N;"KM: 720;";AEROCLUBE;PORTO VELHO;RO;Gasolina;4,429;26/07/2018 15:47
05357865000123;BAIRRO NOVO AUTO POSTO LTDA;RODOVIA BR-364,S/N;"KM: 720;";AEROCLUBE;PORTO VELHO;RO;Diesel S10;3,556;26/07/2018 15:47
05374546000126;POSTO TITAN;ESTRADA L,S/N;SÍTIO DA SERRA;NOVO CAVALEIROS;MACAE;RJ;Gasolina;5,09;04/07/2018 13:01
05374546000126;POSTO TITAN;ESTRADA L,S/N;SÍTIO DA SERRA;NOVO CAVALEIROS;MACAE;RJ;Etanol;3,59;04/07/2018 13:01
05374546000126;POSTO TITAN;ESTRADA L,S/N;SÍTIO DA SERRA;NOVO CAVALEIROS;MACAE;RJ;Diesel S500;3,59;04/07/2018 13:01
05374546000126;POSTO TITAN;ESTRADA L,S/N;SÍTIO DA SERRA;NOVO CAVALEIROS;MACAE;RJ;Diesel S10;3,65;04/07/2018 13:01
05593306000112;AUTO POSTO JOWAL;RODOVIA MC-03, ESQUINA COM AV. TANCREDO NEVES,2871;;CENTRO;MACHADINHO D'OESTE;RO;Gasolina;4,8;04/07/2018 17:35
05593306000112;AUTO POSTO JOWAL;RODOVIA MC-03, ESQUINA COM AV. TANCREDO NEVES,2871;;CENTRO;MACHADINHO D'OESTE;RO;Etanol;4,43;04/07/2018 17:35
05593306000112;AUTO POSTO JOWAL;RODOVIA MC-03, ESQUINA COM AV. TANCREDO NEVES,2871;;CENTRO;MACHADINHO D'OESTE;RO;Diesel S500;3,78;04/07/2018 17:35
05593306000112;AUTO POSTO JOWAL;RODOVIA MC-03, ESQUINA COM AV. TANCREDO NEVES,2871;;CENTRO;MACHADINHO D'OESTE;RO;Diesel S10;3,86;04/07/2018 17:35
05675515000105;POSTO CENTRO SUL;RUA JOÃO GUALBERTO,237;;CENTRO;PALMAS;PR;Gasolina;4,56;16/07/2018 11:13
05675515000105;POSTO CENTRO SUL;RUA JOÃO GUALBERTO,237;;CENTRO;PALMAS;PR;Etanol;3,18;16/07/2018 11:13
05675515000105;POSTO CENTRO SUL;RUA JOÃO GUALBERTO,237;;CENTRO;PALMAS;PR;Diesel S10;3,35;16/07/2018 11:13
06039710000101;L V L COMÉRCIO DE COMBUSTÍVEIS LTDA.;RODOVIA ESTADUAL RS 122,S/N;KM 23;BELA VISTA;BOM PRINCIPIO;RS;Gasolina;4,399;22/08/2018 18:28
06039710000101;L V L COMÉRCIO DE COMBUSTÍVEIS LTDA.;RODOVIA ESTADUAL RS 122,S/N;KM 23;BELA VISTA;BOM PRINCIPIO;RS;Diesel S500;3,099;22/08/2018 18:28
06039710000101;L V L COMÉRCIO DE COMBUSTÍVEIS LTDA.;RODOVIA ESTADUAL RS 122,S/N;KM 23;BELA VISTA;BOM PRINCIPIO;RS;Diesel S10;3,149;22/08/2018 18:28
06294288000130;POSTO KATIA LOCATELLI;AVENIDA COSTA E SILVA,14;;JARDIM AMERICA;CAMPO GRANDE;MS;Gasolina;4,297;13/09/2018 13:12
06294288000130;POSTO KATIA LOCATELLI;AVENIDA COSTA E SILVA,14;;JARDIM AMERICA;CAMPO GRANDE;MS;Etanol;3,197;13/09/2018 13:12
06294288000130;POSTO KATIA LOCATELLI;AVENIDA COSTA E SILVA,14;;JARDIM AMERICA;CAMPO GRANDE;MS;Diesel S500;3,697;13/09/2018 13:48
06294288000130;POSTO KATIA LOCATELLI;AVENIDA COSTA E SILVA,14;;JARDIM AMERICA;CAMPO GRANDE;MS;Diesel S10;3,747;13/09/2018 13:48
06303970000142;AUTO POSTO PONTE METÁLICA;PRACA MARTINS AFONSO,78;;CENTRO;GUARATINGUETA;SP;Gasolina;4,399;17/09/2018 17:19
06303970000142;AUTO POSTO PONTE METÁLICA;PRACA MARTINS AFONSO,78;;CENTRO;GUARATINGUETA;SP;Etanol;2,749;17/09/2018 17:19
06303970000142;AUTO POSTO PONTE METÁLICA;PRACA MARTINS AFONSO,78;;CENTRO;GUARATINGUETA;SP;Diesel S10;3,63;17/09/2018 17:19
06341746000145;POSTO PALMEIRA;RODOVIA CUIABA/SANTAREM,S/N;KM 1347;BELA V. DO CARACOL;TRAIRAO;PA;Gasolina;4,77;05/09/2018 19:07
06341746000145;POSTO PALMEIRA;RODOVIA CUIABA/SANTAREM,S/N;KM 1347;BELA V. DO CARACOL;TRAIRAO;PA;Diesel S500;3,74;05/09/2018 19:07
06341746000145;POSTO PALMEIRA;RODOVIA CUIABA/SANTAREM,S/N;KM 1347;BELA V. DO CARACOL;TRAIRAO;PA;Diesel S10;3,8;05/09/2018 19:07
07157563000137;POSTO SAMUEL;AVENIDA SANTOS DUMONT,S/N;;TIRIRICAL;SAO LUIS;MA;Gasolina;4,39;18/09/2018 09:32
07157563000137;POSTO SAMUEL;AVENIDA SANTOS DUMONT,S/N;;TIRIRICAL;SAO LUIS;MA;Diesel S500;3,639;03/09/2018 13:25
07157563000137;POSTO SAMUEL;AVENIDA SANTOS DUMONT,S/N;;TIRIRICAL;SAO LUIS;MA;Diesel S10;3,538;03/09/2018 13:25
07291814000171;BIANCA R PEREIRA PRODUTOS DE PETRÓLEO ME.;RUA VEREADOR MARINHO H. OLIVEIRA,1201;;CENTRO;QUEIMADOS;RJ;Gasolina;4,899;27/07/2018 17:29
07291814000171;BIANCA R PEREIRA PRODUTOS DE PETRÓLEO ME.;RUA VEREADOR MARINHO H. OLIVEIRA,1201;;CENTRO;QUEIMADOS;RJ;Etanol;3,299;27/07/2018 17:29
07291814000171;BIANCA R PEREIRA PRODUTOS DE PETRÓLEO ME.;RUA VEREADOR MARINHO H. OLIVEIRA,1201;;CENTRO;QUEIMADOS;RJ;GNV;2,588;27/07/2018 17:29
07291814000171;BIANCA R PEREIRA PRODUTOS DE PETRÓLEO ME.;RUA VEREADOR MARINHO H. OLIVEIRA,1201;;CENTRO;QUEIMADOS;RJ;Diesel S10;3,489;27/07/2018 17:29
07298624000186;POSTO PANTANAL;RUA PROJETADA,S/N;BR 262 LADO DIREITO;PORTAL DO PANTANAL;MIRANDA;MS;Diesel S500;3,68;27/06/2018 10:29
07298624000186;POSTO PANTANAL;RUA PROJETADA,S/N;BR 262 LADO DIREITO;PORTAL DO PANTANAL;MIRANDA;MS;Diesel S10;3,78;27/06/2018 10:29
07482075000103;COLOSSAL BATEL;ALAMEDA DR. CARLOS DE CARVALHO,1830;;BATEL;CURITIBA;PR;Gasolina;4,399;11/09/2018 11:20
07482075000103;COLOSSAL BATEL;ALAMEDA DR. CARLOS DE CARVALHO,1830;;BATEL;CURITIBA;PR;Etanol;2,899;11/09/2018 11:20
07482075000103;COLOSSAL BATEL;ALAMEDA DR. CARLOS DE CARVALHO,1830;;BATEL;CURITIBA;PR;Diesel S10;3,466;11/09/2018 11:20
07605515000164;POSTO SAO RAIMUNDO;RODOVIA CE 040,S/N;KM 52;MATAQUIRI;CASCAVEL;CE;Gasolina;4,69;17/09/2018 13:29
07605515000164;POSTO SAO RAIMUNDO;RODOVIA CE 040,S/N;KM 52;MATAQUIRI;CASCAVEL;CE;Etanol;3,56;04/09/2018 09:56
07605515000164;POSTO SAO RAIMUNDO;RODOVIA CE 040,S/N;KM 52;MATAQUIRI;CASCAVEL;CE;Diesel S10;3,87;04/09/2018 09:56
07605515000245;POSTO SÃO RAIMUNDO 2;AVENIDA CHANLECER EDSON QUEIROZ,3376;;RIO NOVO;CASCAVEL;CE;Gasolina;4,73;21/09/2018 13:15
07605515000245;POSTO SÃO RAIMUNDO 2;AVENIDA CHANLECER EDSON QUEIROZ,3376;;RIO NOVO;CASCAVEL;CE;Etanol;3,59;21/09/2018 13:15
07605515000245;POSTO SÃO RAIMUNDO 2;AVENIDA CHANLECER EDSON QUEIROZ,3376;;RIO NOVO;CASCAVEL;CE;Diesel S10;3,87;21/09/2018 13:15
07840472000100;AUTO POSTO SANTA RITA;AVENIDA BAHIA,625;QUADRA234                 LOTE  10 E 11;CENTRO;PONTALINA;GO;Gasolina;4,859;05/09/2018 19:21
07840472000100;AUTO POSTO SANTA RITA;AVENIDA BAHIA,625;QUADRA234                 LOTE  10 E 11;CENTRO;PONTALINA;GO;Etanol;2,999;18/07/2018 17:26
07840472000100;AUTO POSTO SANTA RITA;AVENIDA BAHIA,625;QUADRA234                 LOTE  10 E 11;CENTRO;PONTALINA;GO;Diesel S500;3,899;05/09/2018 19:21
07840472000100;AUTO POSTO SANTA RITA;AVENIDA BAHIA,625;QUADRA234                 LOTE  10 E 11;CENTRO;PONTALINA;GO;Diesel S10;3,999;05/09/2018 19:21
07928956000105;POSTO ARIQUEMES;AVENIDA CAPITAO SILVIO ESQUINA COM RUA PERIMETRAL LESTE,5303;;SETOR 02;ARIQUEMES;RO;Gasolina;4,59;05/07/2018 18:41
07928956000105;POSTO ARIQUEMES;AVENIDA CAPITAO SILVIO ESQUINA COM RUA PERIMETRAL LESTE,5303;;SETOR 02;ARIQUEMES;RO;Diesel S500;3,52;05/07/2018 18:41
07928956000105;POSTO ARIQUEMES;AVENIDA CAPITAO SILVIO ESQUINA COM RUA PERIMETRAL LESTE,5303;;SETOR 02;ARIQUEMES;RO;Diesel S10;3,65;05/07/2018 18:41
08355825000130;POSTO DE COMBUSTÍVEIS 214 SUL;SETOR SHC/SUL SQ 214 BLOCO A PAG - LOJA DE CONV. 20,S/N;;ASA SUL;BRASILIA;DF;Gasolina;4,39;26/06/2018 10:59
08355825000130;POSTO DE COMBUSTÍVEIS 214 SUL;SETOR SHC/SUL SQ 214 BLOCO A PAG - LOJA DE CONV. 20,S/N;;ASA SUL;BRASILIA;DF;Etanol;3,38;26/06/2018 10:59
08355825000130;POSTO DE COMBUSTÍVEIS 214 SUL;SETOR SHC/SUL SQ 214 BLOCO A PAG - LOJA DE CONV. 20,S/N;;ASA SUL;BRASILIA;DF;GNV;1;26/06/2018 10:59
08355825000130;POSTO DE COMBUSTÍVEIS 214 SUL;SETOR SHC/SUL SQ 214 BLOCO A PAG - LOJA DE CONV. 20,S/N;;ASA SUL;BRASILIA;DF;Diesel S500;1;26/06/2018 10:59
08355825000130;POSTO DE COMBUSTÍVEIS 214 SUL;SETOR SHC/SUL SQ 214 BLOCO A PAG - LOJA DE CONV. 20,S/N;;ASA SUL;BRASILIA;DF;Diesel S10;4,799;26/06/2018 10:59
08450385000109;COMERCIO DE PRODUTOS MAIS LTDA;AVENIDA 25 DE AGOSTO,7540;;CIDADE ALTA;ROLIM DE MOURA;RO;Gasolina;4,74;12/07/2018 19:45
08450385000109;COMERCIO DE PRODUTOS MAIS LTDA;AVENIDA 25 DE AGOSTO,7540;;CIDADE ALTA;ROLIM DE MOURA;RO;Diesel S500;3,61;12/07/2018 19:45
08450385000109;COMERCIO DE PRODUTOS MAIS LTDA;AVENIDA 25 DE AGOSTO,7540;;CIDADE ALTA;ROLIM DE MOURA;RO;Diesel S10;3,69;12/07/2018 19:45
08605136000137;POSTO R7;AVENIDA PARQUE NACIONAL DAS EMAS,S/N;QUADRA 88 LOTES 13/18;BOA VISTA;MINEIROS;GO;Gasolina;5,04;17/09/2018 11:39
08605136000137;POSTO R7;AVENIDA PARQUE NACIONAL DAS EMAS,S/N;QUADRA 88 LOTES 13/18;BOA VISTA;MINEIROS;GO;Etanol;3,18;17/09/2018 11:39
08605136000137;POSTO R7;AVENIDA PARQUE NACIONAL DAS EMAS,S/N;QUADRA 88 LOTES 13/18;BOA VISTA;MINEIROS;GO;Diesel S500;3,83;05/09/2018 12:09
08605136000137;POSTO R7;AVENIDA PARQUE NACIONAL DAS EMAS,S/N;QUADRA 88 LOTES 13/18;BOA VISTA;MINEIROS;GO;Diesel S10;3,92;05/09/2018 12:09
08742289000126;POSTO MANOELÃO;AVENIDA JOÃO PESSOA,4963;;CENTRO;ROLIM DE MOURA;RO;Gasolina;4,69;18/07/2018 09:47
08742289000126;POSTO MANOELÃO;AVENIDA JOÃO PESSOA,4963;;CENTRO;ROLIM DE MOURA;RO;Diesel S500;3,58;18/07/2018 09:47
08742289000126;POSTO MANOELÃO;AVENIDA JOÃO PESSOA,4963;;CENTRO;ROLIM DE MOURA;RO;Diesel S10;3,68;18/07/2018 09:47
08754803000143; ;RODOVIA BR 304,680;;FAZENDA PIATO;MACAIBA;RN;Gasolina;4,379;12/07/2018 10:31
08754803000143; ;RODOVIA BR 304,680;;FAZENDA PIATO;MACAIBA;RN;Etanol;3,599;12/07/2018 10:31
08754803000143; ;RODOVIA BR 304,680;;FAZENDA PIATO;MACAIBA;RN;Diesel S500;3,379;12/07/2018 10:31
08754803000143; ;RODOVIA BR 304,680;;FAZENDA PIATO;MACAIBA;RN;Diesel S10;3,479;12/07/2018 10:31
08963963000100;POSTO DE GASOLINA 6 DE MAIO LTDA - ME;AVENIDA DR MANUEL TELES,474;;CENTRO;DUQUE DE CAXIAS;RJ;Gasolina;4,999;13/07/2018 14:28
08963963000100;POSTO DE GASOLINA 6 DE MAIO LTDA - ME;AVENIDA DR MANUEL TELES,474;;CENTRO;DUQUE DE CAXIAS;RJ;Etanol;3,499;13/07/2018 14:28
08963963000100;POSTO DE GASOLINA 6 DE MAIO LTDA - ME;AVENIDA DR MANUEL TELES,474;;CENTRO;DUQUE DE CAXIAS;RJ;Diesel S10;3,499;13/07/2018 14:28
09164791000321;POSTO APOLO VI;AVENIDA GENERALFLORES DA CUNHA,2097;;VILA CACHOEIRINHA;CACHOEIRINHA;RS;Gasolina;4,899;24/09/2018 15:51
09164791000321;POSTO APOLO VI;AVENIDA GENERALFLORES DA CUNHA,2097;;VILA CACHOEIRINHA;CACHOEIRINHA;RS;Etanol;3,999;24/09/2018 15:51
09164791000321;POSTO APOLO VI;AVENIDA GENERALFLORES DA CUNHA,2097;;VILA CACHOEIRINHA;CACHOEIRINHA;RS;Diesel S500;3,599;24/09/2018 15:51
09164791000321;POSTO APOLO VI;AVENIDA GENERALFLORES DA CUNHA,2097;;VILA CACHOEIRINHA;CACHOEIRINHA;RS;Diesel S10;3,699;24/09/2018 15:51
09217206000142;AUTO POSTO PREMIUM;AVENIDA JOSE DE BRITO SOARES,1101;;ANHANGUERA;ARAGUAINA;TO;Gasolina;4,79;21/06/2018 16:57
09217206000142;AUTO POSTO PREMIUM;AVENIDA JOSE DE BRITO SOARES,1101;;ANHANGUERA;ARAGUAINA;TO;Diesel S500;3,399;21/06/2018 16:54
09217206000142;AUTO POSTO PREMIUM;AVENIDA JOSE DE BRITO SOARES,1101;;ANHANGUERA;ARAGUAINA;TO;Diesel S10;3,499;21/06/2018 16:54
09296287000113;AUTO POSTO MONTANA;AVENIDA GONÇALVES DIAS,3040;;JARDIM AEROPORTO;OURO PRETO DO OESTE;RO;Gasolina;4,73;03/09/2018 18:20
09296287000113;AUTO POSTO MONTANA;AVENIDA GONÇALVES DIAS,3040;;JARDIM AEROPORTO;OURO PRETO DO OESTE;RO;Etanol;3,95;21/07/2018 09:38
09296287000113;AUTO POSTO MONTANA;AVENIDA GONÇALVES DIAS,3040;;JARDIM AEROPORTO;OURO PRETO DO OESTE;RO;Diesel S500;3,79;03/09/2018 18:20
09299516000153;AUTO POSTO AGNELO;AVENIDA ACM,544;CASA;CENTRO;CICERO DANTAS;BA;Gasolina;4,6;18/07/2018 10:45
09299516000153;AUTO POSTO AGNELO;AVENIDA ACM,544;CASA;CENTRO;CICERO DANTAS;BA;Etanol;3,7;18/07/2018 10:45
09299516000153;AUTO POSTO AGNELO;AVENIDA ACM,544;CASA;CENTRO;CICERO DANTAS;BA;Diesel S10;3,6;18/07/2018 10:45
09366602000131;AUTO POSTO GIGI;RUA PEDRO RODRIGUES,925;;CENTRO;ITAPORA;MS;Gasolina;4,829;13/09/2018 09:55
09366602000131;AUTO POSTO GIGI;RUA PEDRO RODRIGUES,925;;CENTRO;ITAPORA;MS;Etanol;3,479;13/09/2018 09:55
09366602000131;AUTO POSTO GIGI;RUA PEDRO RODRIGUES,925;;CENTRO;ITAPORA;MS;Diesel S500;3,989;01/09/2018 11:39
09366602000131;AUTO POSTO GIGI;RUA PEDRO RODRIGUES,925;;CENTRO;ITAPORA;MS;Diesel S10;4,089;01/09/2018 11:39
09573325000138;RR AUTO SERVICE LTDA;AVENIDA RUY RODRIGUES,3871;;PARQUE UNIVERSITARIO DE VIRACOPOS;CAMPINAS;SP;Gasolina;4,499;11/09/2018 11:24
09573325000138;RR AUTO SERVICE LTDA;AVENIDA RUY RODRIGUES,3871;;PARQUE UNIVERSITARIO DE VIRACOPOS;CAMPINAS;SP;Etanol;2,699;11/09/2018 11:24
09573325000138;RR AUTO SERVICE LTDA;AVENIDA RUY RODRIGUES,3871;;PARQUE UNIVERSITARIO DE VIRACOPOS;CAMPINAS;SP;Diesel S500;3,699;11/09/2018 11:24
09573325000138;RR AUTO SERVICE LTDA;AVENIDA RUY RODRIGUES,3871;;PARQUE UNIVERSITARIO DE VIRACOPOS;CAMPINAS;SP;Diesel S10;3,799;11/09/2018 11:24
09612655000195;POSTO SATURNO;DISTRITO DE SERROTA,S/Nº;;ZONA RURAL;SENADOR SA;CE;Gasolina;4,87;03/08/2018 13:26
09612655000195;POSTO SATURNO;DISTRITO DE SERROTA,S/Nº;;ZONA RURAL;SENADOR SA;CE;Diesel S500;3,699;03/08/2018 13:26
10254592000121;POSTO DE VILLE;RUA JOAO BOSCO MARQUES DE SOUSA,556;;GATO PRETO;SOUSA;PB;Gasolina;4,599;04/09/2018 09:09
10254592000121;POSTO DE VILLE;RUA JOAO BOSCO MARQUES DE SOUSA,556;;GATO PRETO;SOUSA;PB;Diesel S10;3,799;04/09/2018 09:09
10549635000104;AUTO POSTO COLONIAL;AVENIDA MANOEL RUZ PERES,2550;;JARDIM HUBERT;INDAIATUBA;SP;Gasolina;4,599;13/09/2018 15:17
10549635000104;AUTO POSTO COLONIAL;AVENIDA MANOEL RUZ PERES,2550;;JARDIM HUBERT;INDAIATUBA;SP;Etanol;2,799;13/09/2018 15:17
10549635000104;AUTO POSTO COLONIAL;AVENIDA MANOEL RUZ PERES,2550;;JARDIM HUBERT;INDAIATUBA;SP;Diesel S10;3,599;20/09/2018 07:59
10557748000143;AUTO POSTO ROTA RADIAL LTDA;RUA PIRATININGA,1017;;BRAS;SAO PAULO;SP;Gasolina;3,989;26/07/2018 20:06
10557748000143;AUTO POSTO ROTA RADIAL LTDA;RUA PIRATININGA,1017;;BRAS;SAO PAULO;SP;Etanol;2,249;26/07/2018 20:06
10876085000120;AUTO POSTO SAN CRISTÓVÃO;RUA MONTE ALEGRE,5800;;JARDIM GUANABARA;DOURADOS;MS;Gasolina;4,299;12/07/2018 17:28
10876085000120;AUTO POSTO SAN CRISTÓVÃO;RUA MONTE ALEGRE,5800;;JARDIM GUANABARA;DOURADOS;MS;Etanol;2,999;12/07/2018 17:28
10876085000120;AUTO POSTO SAN CRISTÓVÃO;RUA MONTE ALEGRE,5800;;JARDIM GUANABARA;DOURADOS;MS;Diesel S500;3,399;12/07/2018 17:28
10876085000120;AUTO POSTO SAN CRISTÓVÃO;RUA MONTE ALEGRE,5800;;JARDIM GUANABARA;DOURADOS;MS;Diesel S10;3,499;12/07/2018 17:28
11000641000162;AUTO POSTO TITAN;AVENIDA DUDU FERRAZ,1110;;JARDIM SANTA ROSA;JAU;SP;Gasolina;4,049;08/08/2018 15:00
11000641000162;AUTO POSTO TITAN;AVENIDA DUDU FERRAZ,1110;;JARDIM SANTA ROSA;JAU;SP;Etanol;2,189;08/08/2018 15:00
11000641000162;AUTO POSTO TITAN;AVENIDA DUDU FERRAZ,1110;;JARDIM SANTA ROSA;JAU;SP;Diesel S500;3,129;08/08/2018 15:00
11000641000162;AUTO POSTO TITAN;AVENIDA DUDU FERRAZ,1110;;JARDIM SANTA ROSA;JAU;SP;Diesel S10;3,239;08/08/2018 15:00
11307599000127;AUTO POSTO AEROPORTO DE UBATUBA LTDA.;AVENIDA ANTONIO CARLOS RIBEIRO,0;;CENTRO;UBATUBA;SP;Gasolina;4,579;17/09/2018 17:22
11307599000127;AUTO POSTO AEROPORTO DE UBATUBA LTDA.;AVENIDA ANTONIO CARLOS RIBEIRO,0;;CENTRO;UBATUBA;SP;Etanol;2,789;17/09/2018 17:22
11307599000127;AUTO POSTO AEROPORTO DE UBATUBA LTDA.;AVENIDA ANTONIO CARLOS RIBEIRO,0;;CENTRO;UBATUBA;SP;Diesel S10;3,664;17/09/2018 17:22
11372676000122;CAMPOS DO JORDÃO AUTO POSTO LTDA.;AVENIDA FREI ORESTES GIRARDI,2057;;VILA ABERNESIA;CAMPOS DO JORDAO;SP;Gasolina;4,699;17/09/2018 17:36
11372676000122;CAMPOS DO JORDÃO AUTO POSTO LTDA.;AVENIDA FREI ORESTES GIRARDI,2057;;VILA ABERNESIA;CAMPOS DO JORDAO;SP;Etanol;2,899;17/09/2018 17:36
11372676000122;CAMPOS DO JORDÃO AUTO POSTO LTDA.;AVENIDA FREI ORESTES GIRARDI,2057;;VILA ABERNESIA;CAMPOS DO JORDAO;SP;Diesel S500;3,389;02/08/2018 10:39
11372676000122;CAMPOS DO JORDÃO AUTO POSTO LTDA.;AVENIDA FREI ORESTES GIRARDI,2057;;VILA ABERNESIA;CAMPOS DO JORDAO;SP;Diesel S10;3,649;17/09/2018 17:36
11388834000132;AUTO POSTO MONTANA;AVENIDA XV DE NOVEMBRO,1071;;UNIÃO;OURO PRETO DO OESTE;RO;Gasolina;4,73;03/09/2018 18:12
11388834000132;AUTO POSTO MONTANA;AVENIDA XV DE NOVEMBRO,1071;;UNIÃO;OURO PRETO DO OESTE;RO;Diesel S500;3,79;03/09/2018 18:12
11388834000132;AUTO POSTO MONTANA;AVENIDA XV DE NOVEMBRO,1071;;UNIÃO;OURO PRETO DO OESTE;RO;Diesel S10;3,89;03/09/2018 18:12
11440349000160;POSTO SERRANO;AVENIDA CHANCELER OSVALDO ARANHA,704;;JOSE CONRADO DE ARAUJO;ARACAJU;SE;Gasolina;4,759;10/09/2018 08:58
11440349000160;POSTO SERRANO;AVENIDA CHANCELER OSVALDO ARANHA,704;;JOSE CONRADO DE ARAUJO;ARACAJU;SE;Etanol;3,499;10/09/2018 08:58
11440349000160;POSTO SERRANO;AVENIDA CHANCELER OSVALDO ARANHA,704;;JOSE CONRADO DE ARAUJO;ARACAJU;SE;Diesel S500;3,859;10/09/2018 08:58
11440349000160;POSTO SERRANO;AVENIDA CHANCELER OSVALDO ARANHA,704;;JOSE CONRADO DE ARAUJO;ARACAJU;SE;Diesel S10;3,799;10/09/2018 08:58
12031541000166;POSTO HS;RUA JOSE ABEL DE ALMEIDA,SN;LT 02;SETOR RODOVIARIO II;ESTRELA DO NORTE;GO;Gasolina;4,9;17/08/2018 16:25
12031541000166;POSTO HS;RUA JOSE ABEL DE ALMEIDA,SN;LT 02;SETOR RODOVIARIO II;ESTRELA DO NORTE;GO;Etanol;3,1;17/08/2018 16:25
12031541000166;POSTO HS;RUA JOSE ABEL DE ALMEIDA,SN;LT 02;SETOR RODOVIARIO II;ESTRELA DO NORTE;GO;Diesel S500;3,7;17/08/2018 16:25
12031541000166;POSTO HS;RUA JOSE ABEL DE ALMEIDA,SN;LT 02;SETOR RODOVIARIO II;ESTRELA DO NORTE;GO;Diesel S10;4,077;17/08/2018 16:25
12119665000106;POSTO LEAL;AVENIDA 31 DE MARÇO,15;;CENTRO;BARREIRINHAS;MA;Gasolina;4,73;28/06/2018 14:37
12119665000106;POSTO LEAL;AVENIDA 31 DE MARÇO,15;;CENTRO;BARREIRINHAS;MA;Diesel S500;3,647;28/06/2018 14:37
12119665000106;POSTO LEAL;AVENIDA 31 DE MARÇO,15;;CENTRO;BARREIRINHAS;MA;Diesel S10;3,715;28/06/2018 14:37
12119665000289;LEAL COMERCIALIZACAO DE DERIVADOS DE PETROLEO LTDA;RUA ANACLETO DE CARVALHO,260;;CRUZEIRO;BARREIRINHAS;MA;Gasolina;4,65;05/07/2018 15:36
13047383000103;SF COMERCIO DE COMBUSTIVEIS LTDA.;RUA PORTAO,3890;;LAGO AZUL;ESTANCIA VELHA;RS;Gasolina;4,599;14/07/2018 10:18
13047383000103;SF COMERCIO DE COMBUSTIVEIS LTDA.;RUA PORTAO,3890;;LAGO AZUL;ESTANCIA VELHA;RS;Diesel S500;3,199;14/07/2018 10:18
13047383000103;SF COMERCIO DE COMBUSTIVEIS LTDA.;RUA PORTAO,3890;;LAGO AZUL;ESTANCIA VELHA;RS;Diesel S10;3,299;14/07/2018 10:18
13051606000106;AUTO POSTO 2 IRMAOS;AVENIDA AYRTON SENNA,850;;SETOR 09;BURITIS;RO;Diesel S500;3,62;20/07/2018 17:18
13051606000106;AUTO POSTO 2 IRMAOS;AVENIDA AYRTON SENNA,850;;SETOR 09;BURITIS;RO;Diesel S10;3,72;20/07/2018 17:18
13170895000154;AUTO POSTO UNIAO;RUA 21,S/N;QUADRA 40                 LOTE  13/14;CENTRO;EDEALINA;GO;Gasolina;4,599;07/08/2018 16:44
13170895000154;AUTO POSTO UNIAO;RUA 21,S/N;QUADRA 40                 LOTE  13/14;CENTRO;EDEALINA;GO;Etanol;2,799;07/08/2018 16:44
13170895000154;AUTO POSTO UNIAO;RUA 21,S/N;QUADRA 40                 LOTE  13/14;CENTRO;EDEALINA;GO;Diesel S500;3,399;07/08/2018 16:44
13170895000154;AUTO POSTO UNIAO;RUA 21,S/N;QUADRA 40                 LOTE  13/14;CENTRO;EDEALINA;GO;Diesel S10;3,499;07/08/2018 16:44
13250823000117;AUTO POSTO DALTIBA;AVENIDA TANCREDO NEVES,1163;ESQUINA C/ AV. CAPITÃO SILVIO;SETOR 01;ARIQUEMES;RO;Gasolina;3,65;04/07/2018 15:14
13250823000117;AUTO POSTO DALTIBA;AVENIDA TANCREDO NEVES,1163;ESQUINA C/ AV. CAPITÃO SILVIO;SETOR 01;ARIQUEMES;RO;Diesel S500;3,627;04/07/2018 15:14
13250823000117;AUTO POSTO DALTIBA;AVENIDA TANCREDO NEVES,1163;ESQUINA C/ AV. CAPITÃO SILVIO;SETOR 01;ARIQUEMES;RO;Diesel S10;3,661;04/07/2018 15:14
13635049000162;POSTO TITAN DE CORBELIA LTDA.;RODOVIA BR 369,S/N;KM 478;OURO VERDE DO PIQUIRI;CORBELIA;PR;Gasolina;4,09;07/08/2018 15:55
13635049000162;POSTO TITAN DE CORBELIA LTDA.;RODOVIA BR 369,S/N;KM 478;OURO VERDE DO PIQUIRI;CORBELIA;PR;Etanol;2,49;07/08/2018 15:55
13635049000162;POSTO TITAN DE CORBELIA LTDA.;RODOVIA BR 369,S/N;KM 478;OURO VERDE DO PIQUIRI;CORBELIA;PR;Diesel S500;3,06;07/08/2018 15:55
13781754000178;POSTOS ARCO VERDE;AVENIDA PILOTO PEREIRA TIM,1762;ANEXO A;MONTE CASTELO;PARNAMIRIM;RN;Gasolina;4,769;29/07/2018 20:26
13781754000178;POSTOS ARCO VERDE;AVENIDA PILOTO PEREIRA TIM,1762;ANEXO A;MONTE CASTELO;PARNAMIRIM;RN;Etanol;3,599;29/07/2018 20:26
13781754000178;POSTOS ARCO VERDE;AVENIDA PILOTO PEREIRA TIM,1762;ANEXO A;MONTE CASTELO;PARNAMIRIM;RN;Diesel S500;3,47;29/07/2018 20:26
13781754000178;POSTOS ARCO VERDE;AVENIDA PILOTO PEREIRA TIM,1762;ANEXO A;MONTE CASTELO;PARNAMIRIM;RN;Diesel S10;3,59;29/07/2018 20:26
14167819000152;AUTO POSTO MARQUES;RODOVIA BR 364,S/N;KM 421;JARDIM BELA VISTA;JARU;RO;Gasolina;4,579;03/07/2018 15:38
14167819000152;AUTO POSTO MARQUES;RODOVIA BR 364,S/N;KM 421;JARDIM BELA VISTA;JARU;RO;Etanol;3,999;03/07/2018 15:38
14167819000152;AUTO POSTO MARQUES;RODOVIA BR 364,S/N;KM 421;JARDIM BELA VISTA;JARU;RO;Diesel S500;3,549;03/07/2018 15:38
14167819000152;AUTO POSTO MARQUES;RODOVIA BR 364,S/N;KM 421;JARDIM BELA VISTA;JARU;RO;Diesel S10;3,599;03/07/2018 15:38
14229920000190;POSTO TITAN CAFELANDIA;AVENIDA MARECHAL LOTT,  ESQ. DEP. ANTONIO LUSTOSA,1475;;CENTRO;CAFELANDIA;PR;Gasolina;4,219;07/08/2018 16:02
14229920000190;POSTO TITAN CAFELANDIA;AVENIDA MARECHAL LOTT,  ESQ. DEP. ANTONIO LUSTOSA,1475;;CENTRO;CAFELANDIA;PR;Etanol;2,699;07/08/2018 16:02
14229920000190;POSTO TITAN CAFELANDIA;AVENIDA MARECHAL LOTT,  ESQ. DEP. ANTONIO LUSTOSA,1475;;CENTRO;CAFELANDIA;PR;Diesel S500;3,089;07/08/2018 16:02
14229920000190;POSTO TITAN CAFELANDIA;AVENIDA MARECHAL LOTT,  ESQ. DEP. ANTONIO LUSTOSA,1475;;CENTRO;CAFELANDIA;PR;Diesel S10;3,139;07/08/2018 16:02
14967901000161;POSTO NELCI MARIA LOCATELLI E CIA LTDA;AVENIDA TAMANDARE,1572;;VILA ALTO SUMARE;CAMPO GRANDE;MS;Gasolina;4,09;28/06/2018 16:02
14967901000161;POSTO NELCI MARIA LOCATELLI E CIA LTDA;AVENIDA TAMANDARE,1572;;VILA ALTO SUMARE;CAMPO GRANDE;MS;Etanol;3,197;28/06/2018 16:02
14967901000161;POSTO NELCI MARIA LOCATELLI E CIA LTDA;AVENIDA TAMANDARE,1572;;VILA ALTO SUMARE;CAMPO GRANDE;MS;Diesel S10;3,497;28/06/2018 16:02
15203666000114;AUTO POSTO DINALO E IBRAHIM LTDA;AVENIDA LUCAS NOGUEIRA GARCEZ,370;;JARDIM ESTELA;POA;SP;Gasolina;4,499;16/08/2018 10:49
15203666000114;AUTO POSTO DINALO E IBRAHIM LTDA;AVENIDA LUCAS NOGUEIRA GARCEZ,370;;JARDIM ESTELA;POA;SP;Etanol;2,599;16/08/2018 10:49
15203666000114;AUTO POSTO DINALO E IBRAHIM LTDA;AVENIDA LUCAS NOGUEIRA GARCEZ,370;;JARDIM ESTELA;POA;SP;Diesel S10;3,499;16/08/2018 10:49
15286573000109;POSTO SANTIAGO;RUA HELENO DE ANDRADE,1154;;SETOR 3;BURITIS;RO;Gasolina;4,96;04/09/2018 12:03
15286573000109;POSTO SANTIAGO;RUA HELENO DE ANDRADE,1154;;SETOR 3;BURITIS;RO;Diesel S500;3,888;04/09/2018 12:05
15286573000109;POSTO SANTIAGO;RUA HELENO DE ANDRADE,1154;;SETOR 3;BURITIS;RO;Diesel S10;3,966;04/09/2018 12:05
15388267000337;POSTO JOIA;RUA BARAO DO RIO BRANCO,347;;CENTRO;MIRANDA;MS;Gasolina;4,98;21/09/2018 09:49
15388267000337;POSTO JOIA;RUA BARAO DO RIO BRANCO,347;;CENTRO;MIRANDA;MS;Etanol;3,53;21/09/2018 09:49
15388267000337;POSTO JOIA;RUA BARAO DO RIO BRANCO,347;;CENTRO;MIRANDA;MS;Diesel S500;3,93;21/09/2018 09:49
15388267000337;POSTO JOIA;RUA BARAO DO RIO BRANCO,347;;CENTRO;MIRANDA;MS;Diesel S10;3,99;21/09/2018 09:49
15896509000131;POSTO FORTALEZA;AVENIDA MARECHAL RONDON C/22 DE NOVEMBRO,1582;;DOIS DE ABRIL;JI-PARANA;RO;Gasolina;4,769;28/06/2018 12:59
15896509000131;POSTO FORTALEZA;AVENIDA MARECHAL RONDON C/22 DE NOVEMBRO,1582;;DOIS DE ABRIL;JI-PARANA;RO;Etanol;3,999;28/06/2018 12:59
15896509000131;POSTO FORTALEZA;AVENIDA MARECHAL RONDON C/22 DE NOVEMBRO,1582;;DOIS DE ABRIL;JI-PARANA;RO;Diesel S500;3,629;28/06/2018 12:59
15896509000131;POSTO FORTALEZA;AVENIDA MARECHAL RONDON C/22 DE NOVEMBRO,1582;;DOIS DE ABRIL;JI-PARANA;RO;Diesel S10;3,689;28/06/2018 12:59
16045015000106;POSTO TERERE;AVENIDA AFONSO PENA,5264;;CHACARA CACHOEIRA;CAMPO GRANDE;MS;Gasolina;4,456;17/09/2018 17:11
16045015000106;POSTO TERERE;AVENIDA AFONSO PENA,5264;;CHACARA CACHOEIRA;CAMPO GRANDE;MS;Etanol;3,236;17/09/2018 17:11
16045015000106;POSTO TERERE;AVENIDA AFONSO PENA,5264;;CHACARA CACHOEIRA;CAMPO GRANDE;MS;Diesel S10;3,806;17/09/2018 17:11
16909633000157;POSTOS ARCO VERDE;ESTRADA DE VERA CRUZ,S/N;LOTE  V DOS COQUEIROS I A       9-3;ZONA DE EXPANCAO;SAO JOSE DE MIPIBU;RN;Diesel S10;3,48;17/07/2018 11:19
16909633000157;POSTOS ARCO VERDE;ESTRADA DE VERA CRUZ,S/N;LOTE  V DOS COQUEIROS I A       9-3;ZONA DE EXPANCAO;SAO JOSE DE MIPIBU;RN;Gasolina;4,33;17/07/2018 11:19
16909633000157;POSTOS ARCO VERDE;ESTRADA DE VERA CRUZ,S/N;LOTE  V DOS COQUEIROS I A       9-3;ZONA DE EXPANCAO;SAO JOSE DE MIPIBU;RN;Etanol;3,59;17/07/2018 11:19
16909633000157;POSTOS ARCO VERDE;ESTRADA DE VERA CRUZ,S/N;LOTE  V DOS COQUEIROS I A       9-3;ZONA DE EXPANCAO;SAO JOSE DE MIPIBU;RN;Diesel S500;3,38;17/07/2018 11:19
17071865000141;AUTO POSTO TITAN SAPOPEMBA;AVENIDA SAPOPEMBA,7046;;SAPOPEMBA;SAO PAULO;SP;Gasolina;3,999;08/08/2018 15:24
17071865000141;AUTO POSTO TITAN SAPOPEMBA;AVENIDA SAPOPEMBA,7046;;SAPOPEMBA;SAO PAULO;SP;Etanol;2,299;08/08/2018 15:24
17071865000141;AUTO POSTO TITAN SAPOPEMBA;AVENIDA SAPOPEMBA,7046;;SAPOPEMBA;SAO PAULO;SP;Diesel S10;3,189;08/08/2018 15:24
17112586000189;POSTO LARANJAL;AVENIDA ADOLFO FETTER,1997;;RECANTO DE PORTUGAL;PELOTAS;RS;Gasolina;4,799;24/07/2018 19:41
17112586000189;POSTO LARANJAL;AVENIDA ADOLFO FETTER,1997;;RECANTO DE PORTUGAL;PELOTAS;RS;Etanol;3,999;24/07/2018 19:41
17112586000189;POSTO LARANJAL;AVENIDA ADOLFO FETTER,1997;;RECANTO DE PORTUGAL;PELOTAS;RS;Diesel S500;3,399;24/07/2018 19:41
17305026000140;OASIS COMBUSTIVEIS LTDA;RODOVIA BR 101,S/N;KM 80               LOJA  02;IBITIOCA;CAMPOS DOS GOYTACAZES;RJ;Gasolina;5,199;03/07/2018 17:17
17305026000140;OASIS COMBUSTIVEIS LTDA;RODOVIA BR 101,S/N;KM 80               LOJA  02;IBITIOCA;CAMPOS DOS GOYTACAZES;RJ;Etanol;3,799;03/07/2018 17:17
17305026000140;OASIS COMBUSTIVEIS LTDA;RODOVIA BR 101,S/N;KM 80               LOJA  02;IBITIOCA;CAMPOS DOS GOYTACAZES;RJ;GNV;5,099;03/07/2018 17:17
17305026000140;OASIS COMBUSTIVEIS LTDA;RODOVIA BR 101,S/N;KM 80               LOJA  02;IBITIOCA;CAMPOS DOS GOYTACAZES;RJ;Diesel S500;3,589;03/07/2018 17:17
17305026000140;OASIS COMBUSTIVEIS LTDA;RODOVIA BR 101,S/N;KM 80               LOJA  02;IBITIOCA;CAMPOS DOS GOYTACAZES;RJ;Diesel S10;3,639;03/07/2018 17:17
17962000000175;CUPECE COMERCIO VAREJISTA DE COMBUSTIVEIS EIRELI;AVENIDA CUPECE,5810;;JARDIM PRUDENCIA;SAO PAULO;SP;Gasolina;4,399;18/09/2018 12:11
17962000000175;CUPECE COMERCIO VAREJISTA DE COMBUSTIVEIS EIRELI;AVENIDA CUPECE,5810;;JARDIM PRUDENCIA;SAO PAULO;SP;Etanol;2,499;18/09/2018 12:11
17962000000175;CUPECE COMERCIO VAREJISTA DE COMBUSTIVEIS EIRELI;AVENIDA CUPECE,5810;;JARDIM PRUDENCIA;SAO PAULO;SP;Diesel S10;3,499;18/09/2018 12:11
18590664000113;A1 COMBUSTIVEIS;AVENIDA PRESIDENTE VARGAS,357;;SETOR IMPERIAL;GOIATUBA;GO;Gasolina;4,49;25/07/2018 11:18
18590664000113;A1 COMBUSTIVEIS;AVENIDA PRESIDENTE VARGAS,357;;SETOR IMPERIAL;GOIATUBA;GO;Diesel S500;3,399;25/07/2018 11:18
18590664000113;A1 COMBUSTIVEIS;AVENIDA PRESIDENTE VARGAS,357;;SETOR IMPERIAL;GOIATUBA;GO;Diesel S10;3,5;25/07/2018 11:18
18590664000113;A1 COMBUSTIVEIS;AVENIDA PRESIDENTE VARGAS,357;;SETOR IMPERIAL;GOIATUBA;GO;Etanol;2,65;25/07/2018 11:18
18974530000104;CAMINHO DO MAR AUTO POSTO LTDA;AVENIDA CAMINHO DO MAR,2965;;RUDGE RAMOS;SAO BERNARDO DO CAMPO;SP;Gasolina;4,399;17/09/2018 17:54
18974530000104;CAMINHO DO MAR AUTO POSTO LTDA;AVENIDA CAMINHO DO MAR,2965;;RUDGE RAMOS;SAO BERNARDO DO CAMPO;SP;Etanol;2,699;17/09/2018 17:54
18974530000104;CAMINHO DO MAR AUTO POSTO LTDA;AVENIDA CAMINHO DO MAR,2965;;RUDGE RAMOS;SAO BERNARDO DO CAMPO;SP;Diesel S10;3,539;17/09/2018 17:54
19079066000147;G20;RUA DO GLICERIO,498;TERREO;LIBERDADE;SAO PAULO;SP;Gasolina;3,999;26/07/2018 19:38
19079066000147;G20;RUA DO GLICERIO,498;TERREO;LIBERDADE;SAO PAULO;SP;Etanol;2,349;26/07/2018 19:38
19520321000145;GOL AUTO POSTO;AVENIDA AYRTON SENNA,1025;;SETOR 3;BURITIS;RO;Diesel S500;3,62;06/07/2018 13:14
19520321000145;GOL AUTO POSTO;AVENIDA AYRTON SENNA,1025;;SETOR 3;BURITIS;RO;Diesel S10;3,72;06/07/2018 13:14
19520321000145;GOL AUTO POSTO;AVENIDA AYRTON SENNA,1025;;SETOR 3;BURITIS;RO;Gasolina;4,81;06/07/2018 13:14
19520321000145;GOL AUTO POSTO;AVENIDA AYRTON SENNA,1025;;SETOR 3;BURITIS;RO;Etanol;4,16;06/07/2018 13:14
19953346000132;POROROCA AUTO POSTO IV;AVENIDA EURICO SOARES ANDRADE,1071;;CENTRO;NOVA ANDRADINA;MS;Gasolina;4,19;27/07/2018 11:04
19953346000132;POROROCA AUTO POSTO IV;AVENIDA EURICO SOARES ANDRADE,1071;;CENTRO;NOVA ANDRADINA;MS;Etanol;2,99;16/07/2018 12:17
19953346000132;POROROCA AUTO POSTO IV;AVENIDA EURICO SOARES ANDRADE,1071;;CENTRO;NOVA ANDRADINA;MS;Diesel S500;3,39;16/07/2018 12:17
19953346000132;POROROCA AUTO POSTO IV;AVENIDA EURICO SOARES ANDRADE,1071;;CENTRO;NOVA ANDRADINA;MS;Diesel S10;3,49;16/07/2018 12:17
21205041000194;POSTO ROTTAVA;AVENIDA PINHEIRO MACHADO,5826;;IGARAPE;PORTO VELHO;RO;Gasolina;4,399;13/08/2018 16:18
21205041000194;POSTO ROTTAVA;AVENIDA PINHEIRO MACHADO,5826;;IGARAPE;PORTO VELHO;RO;Diesel S500;3,539;13/08/2018 16:18
21205041000194;POSTO ROTTAVA;AVENIDA PINHEIRO MACHADO,5826;;IGARAPE;PORTO VELHO;RO;Diesel S10;3,639;13/08/2018 16:18
21298404000183;POSTOS ARCO VERDE;RUA ROSA FERNANDES SILVA,355;;NOVA ESPERANCA;PARNAMIRIM;RN;Gasolina;4,769;29/07/2018 20:22
21298404000183;POSTOS ARCO VERDE;RUA ROSA FERNANDES SILVA,355;;NOVA ESPERANCA;PARNAMIRIM;RN;Etanol;3,599;29/07/2018 20:22
21298404000183;POSTOS ARCO VERDE;RUA ROSA FERNANDES SILVA,355;;NOVA ESPERANCA;PARNAMIRIM;RN;Diesel S500;3,47;29/07/2018 20:22
21298404000183;POSTOS ARCO VERDE;RUA ROSA FERNANDES SILVA,355;;NOVA ESPERANCA;PARNAMIRIM;RN;Diesel S10;3,599;29/07/2018 20:22
22623880000195;AUTO POSTO DELABRANTE LTDA;RUA SALDANHA MARINHO,1174;;CENTRO;GUARAPUAVA;PR;Gasolina;4,52;24/09/2018 16:03
22623880000195;AUTO POSTO DELABRANTE LTDA;RUA SALDANHA MARINHO,1174;;CENTRO;GUARAPUAVA;PR;Etanol;2,92;24/09/2018 16:03
22623880000195;AUTO POSTO DELABRANTE LTDA;RUA SALDANHA MARINHO,1174;;CENTRO;GUARAPUAVA;PR;Diesel S10;3,39;24/09/2018 16:03
23830523000160;AUTO POSTO CAMPECHE EIRELI;RODOVIA FRANCISCO MAGNO VIEIRA,3.950;;CAMPECHE;FLORIANOPOLIS;SC;Gasolina;4,199;18/07/2018 17:49
23830523000160;AUTO POSTO CAMPECHE EIRELI;RODOVIA FRANCISCO MAGNO VIEIRA,3.950;;CAMPECHE;FLORIANOPOLIS;SC;Diesel S10;3,299;18/07/2018 17:49
23859521000102;AUTO POSTO COLOSSAL MERCES LTDA;RUA MARTIM AFONSO,700;;MERCES;CURITIBA;PR;Gasolina;4,399;11/09/2018 11:19
23859521000102;AUTO POSTO COLOSSAL MERCES LTDA;RUA MARTIM AFONSO,700;;MERCES;CURITIBA;PR;Etanol;2,899;11/09/2018 11:19
23859521000102;AUTO POSTO COLOSSAL MERCES LTDA;RUA MARTIM AFONSO,700;;MERCES;CURITIBA;PR;Diesel S10;3,466;11/09/2018 11:19
24601882000109;POSTO KATIA LOCATELLI;RUA CEARA,1661;;VILA CELIA;CAMPO GRANDE;MS;Gasolina;4,057;23/07/2018 15:59
24601882000109;POSTO KATIA LOCATELLI;RUA CEARA,1661;;VILA CELIA;CAMPO GRANDE;MS;Etanol;2,997;23/07/2018 15:59
24601882000109;POSTO KATIA LOCATELLI;RUA CEARA,1661;;VILA CELIA;CAMPO GRANDE;MS;Diesel S10;3,497;23/07/2018 15:59
24610891000166;POSTO CAMPO GRANDE;AVENIDA CAPIBARIBE,327;;SILVIA REGINA;CAMPO GRANDE;MS;Gasolina;4,089;29/06/2018 18:31
24610891000166;POSTO CAMPO GRANDE;AVENIDA CAPIBARIBE,327;;SILVIA REGINA;CAMPO GRANDE;MS;Etanol;3,299;29/06/2018 18:31
24610891000166;POSTO CAMPO GRANDE;AVENIDA CAPIBARIBE,327;;SILVIA REGINA;CAMPO GRANDE;MS;Diesel S500;3,429;29/06/2018 18:31
24610891000166;POSTO CAMPO GRANDE;AVENIDA CAPIBARIBE,327;;SILVIA REGINA;CAMPO GRANDE;MS;Diesel S10;3,499;29/06/2018 18:31
24624785000131;POSTINHO;AVENIDA DO POETA,990;;DO DESBARRANCADO;CAMPO GRANDE;MS;Gasolina;4,399;13/09/2018 14:43
24624785000131;POSTINHO;AVENIDA DO POETA,990;;DO DESBARRANCADO;CAMPO GRANDE;MS;Etanol;3,199;13/09/2018 14:43
24624785000131;POSTINHO;AVENIDA DO POETA,990;;DO DESBARRANCADO;CAMPO GRANDE;MS;Diesel S500;3,769;31/08/2018 08:29
24624785000131;POSTINHO;AVENIDA DO POETA,990;;DO DESBARRANCADO;CAMPO GRANDE;MS;Diesel S10;3,799;31/08/2018 08:29
24725400000122;POSTO CORONEL;RODOVIA MT 320 KM 33,S/N;;ZONA RURAL;COLIDER;MT;Gasolina;4,92;15/08/2018 09:15
24725400000122;POSTO CORONEL;RODOVIA MT 320 KM 33,S/N;;ZONA RURAL;COLIDER;MT;Etanol;2,97;15/08/2018 09:15
24725400000122;POSTO CORONEL;RODOVIA MT 320 KM 33,S/N;;ZONA RURAL;COLIDER;MT;Diesel S500;3,87;15/08/2018 09:15
24725400000122;POSTO CORONEL;RODOVIA MT 320 KM 33,S/N;;ZONA RURAL;COLIDER;MT;Diesel S10;3,99;15/08/2018 09:15
25240709000195;POSTO INTERLAGOS;RUA ALMEIDA,700;QUADRA0082                LOTE  010E;VILA JARDIM RIO CLARO;JATAI;GO;Gasolina;5,06;21/09/2018 02:28
25240709000195;POSTO INTERLAGOS;RUA ALMEIDA,700;QUADRA0082                LOTE  010E;VILA JARDIM RIO CLARO;JATAI;GO;Etanol;3,94;21/09/2018 02:28
25240709000195;POSTO INTERLAGOS;RUA ALMEIDA,700;QUADRA0082                LOTE  010E;VILA JARDIM RIO CLARO;JATAI;GO;Diesel S500;3,89;21/09/2018 02:28
25240709000195;POSTO INTERLAGOS;RUA ALMEIDA,700;QUADRA0082                LOTE  010E;VILA JARDIM RIO CLARO;JATAI;GO;Diesel S10;3,94;21/09/2018 02:28
25865312000199;POSTOS SR;AVENIDA COLUMBIA,540;;RIACHO DAS PEDRAS;CONTAGEM;MG;Gasolina;4,677;21/06/2018 11:09
25865312000199;POSTOS SR;AVENIDA COLUMBIA,540;;RIACHO DAS PEDRAS;CONTAGEM;MG;Etanol;2,998;21/06/2018 11:09
25865312000199;POSTOS SR;AVENIDA COLUMBIA,540;;RIACHO DAS PEDRAS;CONTAGEM;MG;Diesel S500;3,439;21/06/2018 11:09
25865312000199;POSTOS SR;AVENIDA COLUMBIA,540;;RIACHO DAS PEDRAS;CONTAGEM;MG;Diesel S10;3,499;21/06/2018 11:09
26529830000447;AUTO POSTO VO CLOVIS LTDA;RUA BARAO DO RIO BRANCO,165;;CENTRO;BRUSQUE;SC;Gasolina;4,09;24/09/2018 14:28
26529830000447;AUTO POSTO VO CLOVIS LTDA;RUA BARAO DO RIO BRANCO,165;;CENTRO;BRUSQUE;SC;Diesel S10;3,39;24/09/2018 14:28
26602128000119;POSTO NOVO CEU;RODOVIA MT 320,S/N;KM 79;TREVO CANAA;NOVA CANAA DO NORTE;MT;Gasolina;5,18;13/09/2018 13:27
26602128000119;POSTO NOVO CEU;RODOVIA MT 320,S/N;KM 79;TREVO CANAA;NOVA CANAA DO NORTE;MT;Etanol;3,08;12/09/2018 13:28
26602128000119;POSTO NOVO CEU;RODOVIA MT 320,S/N;KM 79;TREVO CANAA;NOVA CANAA DO NORTE;MT;Diesel S500;4,2;04/09/2018 20:08
26602128000119;POSTO NOVO CEU;RODOVIA MT 320,S/N;KM 79;TREVO CANAA;NOVA CANAA DO NORTE;MT;Diesel S10;4,3;04/09/2018 20:08
27444236000173;AUTO POSTO GAUCHINHO;RUA MAJOR CARLOS DA SILVA,1131;;VILA JUQUITA;MARACAJU;MS;Gasolina;4,469;27/06/2018 12:00
27444236000173;AUTO POSTO GAUCHINHO;RUA MAJOR CARLOS DA SILVA,1131;;VILA JUQUITA;MARACAJU;MS;Etanol;3,399;27/06/2018 12:00
27444236000173;AUTO POSTO GAUCHINHO;RUA MAJOR CARLOS DA SILVA,1131;;VILA JUQUITA;MARACAJU;MS;Diesel S500;3,54;27/06/2018 12:00
27444236000173;AUTO POSTO GAUCHINHO;RUA MAJOR CARLOS DA SILVA,1131;;VILA JUQUITA;MARACAJU;MS;Diesel S10;3,6;27/06/2018 12:00
28771931000102;MANANCIAL COMERCIO DE COMBUSTIVEIS;RUA 21,1380;QUADRA42                  LOTE  01;CENTRO;EDEALINA;GO;Gasolina;4,589;07/08/2018 16:47
28771931000102;MANANCIAL COMERCIO DE COMBUSTIVEIS;RUA 21,1380;QUADRA42                  LOTE  01;CENTRO;EDEALINA;GO;Etanol;2,799;07/08/2018 16:47
28771931000102;MANANCIAL COMERCIO DE COMBUSTIVEIS;RUA 21,1380;QUADRA42                  LOTE  01;CENTRO;EDEALINA;GO;Diesel S500;3,399;07/08/2018 16:47
28771931000102;MANANCIAL COMERCIO DE COMBUSTIVEIS;RUA 21,1380;QUADRA42                  LOTE  01;CENTRO;EDEALINA;GO;Diesel S10;3,499;07/08/2018 16:47
28861014000119;POSTO SAM;ESTRADA DE RIBAMAR,11;;VILA KIOLA;SAO JOSE DE RIBAMAR;MA;Gasolina;4,099;13/07/2018 11:28
28861014000119;POSTO SAM;ESTRADA DE RIBAMAR,11;;VILA KIOLA;SAO JOSE DE RIBAMAR;MA;Diesel S10;3,399;13/07/2018 11:28
29402611000148;GTX;AVENIDA BRIGADEIRO JOSE VICENTE DE FARIA LIMA,815;;JARDIM MARIA AUGUSTA;TAUBATE;SP;Gasolina;4,279;17/09/2018 17:26
29402611000148;GTX;AVENIDA BRIGADEIRO JOSE VICENTE DE FARIA LIMA,815;;JARDIM MARIA AUGUSTA;TAUBATE;SP;Etanol;2,599;17/09/2018 17:26
29402611000148;GTX;AVENIDA BRIGADEIRO JOSE VICENTE DE FARIA LIMA,815;;JARDIM MARIA AUGUSTA;TAUBATE;SP;Diesel S10;3,559;17/09/2018 17:26
31372642000145;REMAN COMERCIO DE PETROLEO LTDA;AVENIDA MARECHAL ALENCASTRO,3571;;ANCHIETA;RIO DE JANEIRO;RJ;Gasolina;4,678;12/07/2018 11:32
31372642000145;REMAN COMERCIO DE PETROLEO LTDA;AVENIDA MARECHAL ALENCASTRO,3571;;ANCHIETA;RIO DE JANEIRO;RJ;Etanol;3,168;12/07/2018 11:32
31372642000145;REMAN COMERCIO DE PETROLEO LTDA;AVENIDA MARECHAL ALENCASTRO,3571;;ANCHIETA;RIO DE JANEIRO;RJ;Diesel S10;3,288;12/07/2018 11:32
31372642000145;REMAN COMERCIO DE PETROLEO LTDA;AVENIDA MARECHAL ALENCASTRO,3571;;ANCHIETA;RIO DE JANEIRO;RJ;Diesel S500;3,288;12/07/2018 11:33
33201971000159;POSTO DE GASOLINA JUREMA LTDA;RUA CONDE DE BONFIM,734;;TIJUCA;RIO DE JANEIRO;RJ;Gasolina;5,259;19/09/2018 12:17
33201971000159;POSTO DE GASOLINA JUREMA LTDA;RUA CONDE DE BONFIM,734;;TIJUCA;RIO DE JANEIRO;RJ;Etanol;3,599;19/09/2018 12:17
33201971000159;POSTO DE GASOLINA JUREMA LTDA;RUA CONDE DE BONFIM,734;;TIJUCA;RIO DE JANEIRO;RJ;Diesel S10;3,836;13/09/2018 10:52
33250929000128;POSTO IATE COMBUSTIVEIS E LUBRIFICANTES LTDA;AVENIDA PASTEUR,S/N;INTERIOR DO ICRJ;URCA;RIO DE JANEIRO;RJ;Gasolina;5,299;06/09/2018 06:56
33517491000100;POSTO DE LUBRIFICAÇÃO COMODORO LTDA;RUA SENADOR VERGUEIRO,9; ;FLAMENGO;RIO DE JANEIRO;RJ;Gasolina;5,297;18/09/2018 12:43
33517491000100;POSTO DE LUBRIFICAÇÃO COMODORO LTDA;RUA SENADOR VERGUEIRO,9; ;FLAMENGO;RIO DE JANEIRO;RJ;Etanol;3,399;18/09/2018 12:43
33785148000138;AUTO POSTO PIT-STOP LTDA.;AVENIDA PRESIDENTE VARGAS,1460;;CENTRO;DOURADOS;MS;Gasolina;4,399;16/07/2018 12:49
33785148000138;AUTO POSTO PIT-STOP LTDA.;AVENIDA PRESIDENTE VARGAS,1460;;CENTRO;DOURADOS;MS;Etanol;3,329;11/07/2018 11:55
33785148000138;AUTO POSTO PIT-STOP LTDA.;AVENIDA PRESIDENTE VARGAS,1460;;CENTRO;DOURADOS;MS;Diesel S500;3,638;04/07/2018 17:33
33785148000138;AUTO POSTO PIT-STOP LTDA.;AVENIDA PRESIDENTE VARGAS,1460;;CENTRO;DOURADOS;MS;Diesel S10;3,719;04/07/2018 17:33
33885534000100;POSTO LEAO;RUA FLORES DA CUNHA,25;SALA;CENTRO;MACAUBAS;BA;Gasolina;5,199;19/09/2018 17:21
33885534000100;POSTO LEAO;RUA FLORES DA CUNHA,25;SALA;CENTRO;MACAUBAS;BA;Etanol;3,599;19/09/2018 17:21
33885534000100;POSTO LEAO;RUA FLORES DA CUNHA,25;SALA;CENTRO;MACAUBAS;BA;Diesel S500;3,999;19/09/2018 17:21
33885534000100;POSTO LEAO;RUA FLORES DA CUNHA,25;SALA;CENTRO;MACAUBAS;BA;Diesel S10;4,099;19/09/2018 17:21
34002337000150;POSTOS IATE COMERCIO E SERVICOS LTDA;AVENIDA REPORT NESTOR MOREIRA,41;;BOTAFOGO;RIO DE JANEIRO;RJ;Gasolina;5,299;06/09/2018 06:55
34002337000150;POSTOS IATE COMERCIO E SERVICOS LTDA;AVENIDA REPORT NESTOR MOREIRA,41;;BOTAFOGO;RIO DE JANEIRO;RJ;Etanol;3,699;06/09/2018 06:55
34002337000150;POSTOS IATE COMERCIO E SERVICOS LTDA;AVENIDA REPORT NESTOR MOREIRA,41;;BOTAFOGO;RIO DE JANEIRO;RJ;Diesel S10;3,929;06/09/2018 06:55
34147157000166;AUTO POSTO EXCEDE LTDA;AVENIDA EPITACIO PESSOA,4630;;LAGOA;RIO DE JANEIRO;RJ;Gasolina;5,299;06/09/2018 06:54
34147157000166;AUTO POSTO EXCEDE LTDA;AVENIDA EPITACIO PESSOA,4630;;LAGOA;RIO DE JANEIRO;RJ;Etanol;3,599;06/09/2018 06:54
34147157000166;AUTO POSTO EXCEDE LTDA;AVENIDA EPITACIO PESSOA,4630;;LAGOA;RIO DE JANEIRO;RJ;Diesel S10;3,789;06/09/2018 06:54
36990794000125;AUTO POSTO COIMBRA;AVENIDA ARAGUAIA,1462;QUADRA 97 LOTES 1 E 2;INDUSTRIAL;ARAGUATINS;TO;Gasolina;4,99;18/07/2018 14:35
36990794000125;AUTO POSTO COIMBRA;AVENIDA ARAGUAIA,1462;QUADRA 97 LOTES 1 E 2;INDUSTRIAL;ARAGUATINS;TO;Etanol;3,85;18/07/2018 14:35
36990794000125;AUTO POSTO COIMBRA;AVENIDA ARAGUAIA,1462;QUADRA 97 LOTES 1 E 2;INDUSTRIAL;ARAGUATINS;TO;Diesel S500;3,39;18/07/2018 14:35
36990794000125;AUTO POSTO COIMBRA;AVENIDA ARAGUAIA,1462;QUADRA 97 LOTES 1 E 2;INDUSTRIAL;ARAGUATINS;TO;Diesel S10;3,42;18/07/2018 14:35
37563426000163;POSTO CARAZINHO;RUA PREFEITO THEOFANES,2691;;CENTRO;RIO BRILHANTE;MS;Gasolina;4,59;27/06/2018 12:39
37563426000163;POSTO CARAZINHO;RUA PREFEITO THEOFANES,2691;;CENTRO;RIO BRILHANTE;MS;Etanol;3,49;27/06/2018 12:39
37563426000163;POSTO CARAZINHO;RUA PREFEITO THEOFANES,2691;;CENTRO;RIO BRILHANTE;MS;Diesel S500;3,69;27/06/2018 12:39
37563426000163;POSTO CARAZINHO;RUA PREFEITO THEOFANES,2691;;CENTRO;RIO BRILHANTE;MS;Diesel S10;3,8;27/06/2018 12:39
37563426000244;POSTO TCHE;RUA BENJAMIN CONSTANT,2054;;BAIRRO NORTE;RIO BRILHANTE;MS;Gasolina;4,69;27/06/2018 13:00
37563426000244;POSTO TCHE;RUA BENJAMIN CONSTANT,2054;;BAIRRO NORTE;RIO BRILHANTE;MS;Etanol;3,49;27/06/2018 13:00
37563426000244;POSTO TCHE;RUA BENJAMIN CONSTANT,2054;;BAIRRO NORTE;RIO BRILHANTE;MS;Diesel S500;3,69;27/06/2018 13:00
37563426000244;POSTO TCHE;RUA BENJAMIN CONSTANT,2054;;BAIRRO NORTE;RIO BRILHANTE;MS;Diesel S10;3,8;27/06/2018 13:00
40296824000175;KEM COM REP TRANSP SERV EXP IMP PROD DERV PETROLEO LTDA; ETR  MARECHAL ALENCASTRO,3660;;ANCHIETA;RIO DE JANEIRO;RJ;Gasolina;4,999;12/09/2018 09:28
40296824000175;KEM COM REP TRANSP SERV EXP IMP PROD DERV PETROLEO LTDA; ETR  MARECHAL ALENCASTRO,3660;;ANCHIETA;RIO DE JANEIRO;RJ;Etanol;3,493;12/09/2018 09:28
40296824000175;KEM COM REP TRANSP SERV EXP IMP PROD DERV PETROLEO LTDA; ETR  MARECHAL ALENCASTRO,3660;;ANCHIETA;RIO DE JANEIRO;RJ;GNV;2,692;04/09/2018 13:16
40296824000175;KEM COM REP TRANSP SERV EXP IMP PROD DERV PETROLEO LTDA; ETR  MARECHAL ALENCASTRO,3660;;ANCHIETA;RIO DE JANEIRO;RJ;Diesel S500;3,772;04/09/2018 13:16
40296824000175;KEM COM REP TRANSP SERV EXP IMP PROD DERV PETROLEO LTDA; ETR  MARECHAL ALENCASTRO,3660;;ANCHIETA;RIO DE JANEIRO;RJ;Diesel S10;3,853;04/09/2018 13:16
41526112000168;POSTO SAO JOSE;RODOVIA BR 142,S/N;KM 01;ZONA RURAL;PIO IX;PI;Gasolina;4,9;24/07/2018 09:28
41526112000168;POSTO SAO JOSE;RODOVIA BR 142,S/N;KM 01;ZONA RURAL;PIO IX;PI;Diesel S10;3,55;24/07/2018 09:28
48299440000118;KOIKE, KOIKE & CIA LTDA;AVENIDA IRMAS CINTRA,525;;CENTRO;SAO MANUEL;SP;Gasolina;4,5;20/06/2018 13:27
48299440000118;KOIKE, KOIKE & CIA LTDA;AVENIDA IRMAS CINTRA,525;;CENTRO;SAO MANUEL;SP;Etanol;2,98;20/06/2018 13:27
48299440000118;KOIKE, KOIKE & CIA LTDA;AVENIDA IRMAS CINTRA,525;;CENTRO;SAO MANUEL;SP;Diesel S500;3,41;20/06/2018 13:27
53328944000159;AUTO POSTO BANDEIRA;AVENIDA JOAO PESSOA,1426;;PEDREGULHO;GUARATINGUETA;SP;Gasolina;4,599;17/09/2018 17:09
53328944000159;AUTO POSTO BANDEIRA;AVENIDA JOAO PESSOA,1426;;PEDREGULHO;GUARATINGUETA;SP;Etanol;2,849;17/09/2018 17:09
53328944000159;AUTO POSTO BANDEIRA;AVENIDA JOAO PESSOA,1426;;PEDREGULHO;GUARATINGUETA;SP;Diesel S500;3,469;17/09/2018 17:09
53328944000159;AUTO POSTO BANDEIRA;AVENIDA JOAO PESSOA,1426;;PEDREGULHO;GUARATINGUETA;SP;Diesel S10;3,709;17/09/2018 17:09
58662446000161;AUTO POSTO 4R LTDA.;RODOVIA PRESIDENTE DUTRA,S/N;KM 124;CAMPO GRANDE;CACAPAVA;SP;Gasolina;4,179;01/08/2018 17:30
58662446000161;AUTO POSTO 4R LTDA.;RODOVIA PRESIDENTE DUTRA,S/N;KM 124;CAMPO GRANDE;CACAPAVA;SP;Etanol;2,599;01/08/2018 17:30
58662446000161;AUTO POSTO 4R LTDA.;RODOVIA PRESIDENTE DUTRA,S/N;KM 124;CAMPO GRANDE;CACAPAVA;SP;Diesel S500;3,139;01/08/2018 17:30
58662446000161;AUTO POSTO 4R LTDA.;RODOVIA PRESIDENTE DUTRA,S/N;KM 124;CAMPO GRANDE;CACAPAVA;SP;Diesel S10;3,239;01/08/2018 17:30
61109229000153;AUTO POSTO DA FÉ LTDA;AVENIDA CONSELHEIRO CARRÃO,3481; ;VILA CARRÃO;SAO PAULO;SP;Gasolina;4,299;31/07/2018 11:38
61109229000153;AUTO POSTO DA FÉ LTDA;AVENIDA CONSELHEIRO CARRÃO,3481; ;VILA CARRÃO;SAO PAULO;SP;Etanol;2,599;31/07/2018 11:38
61109229000153;AUTO POSTO DA FÉ LTDA;AVENIDA CONSELHEIRO CARRÃO,3481; ;VILA CARRÃO;SAO PAULO;SP;Diesel S10;3,439;31/07/2018 11:38
72408842000198;ALG POSTO DE ABASTECIMENTO E SERVICOS LTDA;AVENIDA DOS DEMOCRATICOS,1400;;BONSUCESSO;RIO DE JANEIRO;RJ;Gasolina;5,099;06/09/2018 06:53
72408842000198;ALG POSTO DE ABASTECIMENTO E SERVICOS LTDA;AVENIDA DOS DEMOCRATICOS,1400;;BONSUCESSO;RIO DE JANEIRO;RJ;Etanol;3,599;06/09/2018 06:53
72408842000198;ALG POSTO DE ABASTECIMENTO E SERVICOS LTDA;AVENIDA DOS DEMOCRATICOS,1400;;BONSUCESSO;RIO DE JANEIRO;RJ;GNV;2,698;06/09/2018 06:53
72408842000198;ALG POSTO DE ABASTECIMENTO E SERVICOS LTDA;AVENIDA DOS DEMOCRATICOS,1400;;BONSUCESSO;RIO DE JANEIRO;RJ;Diesel S10;3,539;06/09/2018 06:53
75474288000135;COMERCIAL DE COMBUSTIVEIS TREZEMAINHENSE LTDA;AVENIDA ADEMAR GHIZI,SN;;CENTRO;TREZE DE MAIO;SC;Gasolina;4,479;22/08/2018 18:39
75474288000135;COMERCIAL DE COMBUSTIVEIS TREZEMAINHENSE LTDA;AVENIDA ADEMAR GHIZI,SN;;CENTRO;TREZE DE MAIO;SC;Etanol;3,929;22/08/2018 18:39
75474288000135;COMERCIAL DE COMBUSTIVEIS TREZEMAINHENSE LTDA;AVENIDA ADEMAR GHIZI,SN;;CENTRO;TREZE DE MAIO;SC;Diesel S500;3,329;22/08/2018 18:39
83392050000199;POSTO ZANDONA 12;RUA DR PEDRO ZIMMERMANN,2600;;ITOUPAVA CENTRAL;BLUMENAU;SC;Gasolina;4,097;25/06/2018 11:09
83392050000199;POSTO ZANDONA 12;RUA DR PEDRO ZIMMERMANN,2600;;ITOUPAVA CENTRAL;BLUMENAU;SC;Etanol;3,497;25/06/2018 11:09
83392050000199;POSTO ZANDONA 12;RUA DR PEDRO ZIMMERMANN,2600;;ITOUPAVA CENTRAL;BLUMENAU;SC;GNV;2,197;25/06/2018 11:09
83392050000199;POSTO ZANDONA 12;RUA DR PEDRO ZIMMERMANN,2600;;ITOUPAVA CENTRAL;BLUMENAU;SC;Diesel S500;3,437;25/06/2018 11:09
83392050000199;POSTO ZANDONA 12;RUA DR PEDRO ZIMMERMANN,2600;;ITOUPAVA CENTRAL;BLUMENAU;SC;Diesel S10;3,537;25/06/2018 11:09
83607333000100;POSTO OURO VERDE LTDA;RUA SANTA CATARINA,616;;CENTRO;OURO VERDE;SC;Gasolina;4,58;29/08/2018 10:34
83607333000100;POSTO OURO VERDE LTDA;RUA SANTA CATARINA,616;;CENTRO;OURO VERDE;SC;Diesel S500;3,79;29/08/2018 10:34
83607333000100;POSTO OURO VERDE LTDA;RUA SANTA CATARINA,616;;CENTRO;OURO VERDE;SC;Diesel S10;3,89;29/08/2018 10:34
84437136000153;POSTO MARECHAL;AVENIDA MARECHAL DEODORO DA FONSECA,961;;CENTRO;JARAGUA DO SUL;SC;Gasolina;4,175;13/07/2018 08:55
84437136000153;POSTO MARECHAL;AVENIDA MARECHAL DEODORO DA FONSECA,961;;CENTRO;JARAGUA DO SUL;SC;Etanol;3,375;13/07/2018 08:55
84437136000153;POSTO MARECHAL;AVENIDA MARECHAL DEODORO DA FONSECA,961;;CENTRO;JARAGUA DO SUL;SC;Diesel S10;3,335;13/07/2018 08:55
87012050000177;POSTO COOMOCA;RUA MIGUEL LORETO SOBRINHO,28;ESQUINA COM BR 153;DISTRITO INDUSTRIAL;CACHOEIRA DO SUL;RS;Gasolina;4;13/07/2018 10:57
87012050000177;POSTO COOMOCA;RUA MIGUEL LORETO SOBRINHO,28;ESQUINA COM BR 153;DISTRITO INDUSTRIAL;CACHOEIRA DO SUL;RS;Etanol;3;13/07/2018 10:57
87012050000177;POSTO COOMOCA;RUA MIGUEL LORETO SOBRINHO,28;ESQUINA COM BR 153;DISTRITO INDUSTRIAL;CACHOEIRA DO SUL;RS;Diesel S500;3;13/07/2018 10:57
87012050000177;POSTO COOMOCA;RUA MIGUEL LORETO SOBRINHO,28;ESQUINA COM BR 153;DISTRITO INDUSTRIAL;CACHOEIRA DO SUL;RS;Diesel S10;3;13/07/2018 10:57
91424135000130;ABASTECEDORA TRES AMIGOS LTDA;RODOVIA BR-116,7455;;ROSELANDIA;NOVO HAMBURGO;RS;Gasolina;4,599;14/07/2018 10:17
91424135000130;ABASTECEDORA TRES AMIGOS LTDA;RODOVIA BR-116,7455;;ROSELANDIA;NOVO HAMBURGO;RS;GNV;2,899;14/07/2018 10:17
91424135000130;ABASTECEDORA TRES AMIGOS LTDA;RODOVIA BR-116,7455;;ROSELANDIA;NOVO HAMBURGO;RS;Diesel S500;3,199;14/07/2018 10:17
91424135000130;ABASTECEDORA TRES AMIGOS LTDA;RODOVIA BR-116,7455;;ROSELANDIA;NOVO HAMBURGO;RS;Diesel S10;3,299;14/07/2018 10:17
93777456000143;POSTO PAMPEANO II;AVENIDA PRESIDENTE KENNEDY,185;;VILA BATISTA;CACAPAVA DO SUL;RS;Gasolina;4,947;29/06/2018 12:01
93777456000143;POSTO PAMPEANO II;AVENIDA PRESIDENTE KENNEDY,185;;VILA BATISTA;CACAPAVA DO SUL;RS;Etanol;4,149;29/06/2018 12:01
93777456000143;POSTO PAMPEANO II;AVENIDA PRESIDENTE KENNEDY,185;;VILA BATISTA;CACAPAVA DO SUL;RS;Diesel S500;3,327;29/06/2018 12:01
93777456000143;POSTO PAMPEANO II;AVENIDA PRESIDENTE KENNEDY,185;;VILA BATISTA;CACAPAVA DO SUL;RS;Diesel S10;3,394;29/06/2018 12:01
